"SampleNumber","ParameterName","Result","PureSampleName"
"A241264","Tri-p-tolyl phosphate",44.1,"105-WB"
"A241134","TPP",25.7,"31-WB"
"A241137","TPP",33.9,"45-WB"
"A241142","TPP",55.1,"62-WB"
"A241144","TPP",95.7,"65-WB"
"A241147","TPP",23.2,"74-WB"
"A241149","TPP",17.7,"40-WB"
"A241153","TPP",45.3,"29-WB"
"A241155","TPP",24.3,"72-WB"
"A241156","TPP",223,"26-WB"
"A241161","TPP",60.4,"85-WB"
"A241163","TPP",17.1,"60-WB"
"A241166","TPP",7.59,"57-WB"
"A241170","TPP",10.5,"36-WB"
"A241175","TPP",27.1,"48-WB"
"A241177","TPP",9.03,"34-WB"
"A241181","TPP",1010,"27-WB"
"A241184","TPP",64.2,"96-WB"
"A241186","TPP",72.3,"52-WB"
"A241188","TPP",24.4,"122-WB"
"A241194","TPP",30.6,"169-WB"
"A241196","TPP",88.7,"134-WB"
"A241201","TPP",747,"147-WB"
"A241203","TPP",45.9,"173-WB"
"A241205","TPP",28.4,"135-WB"
"A241207","TPP",18.1,"132-WB"
"A241209","TPP",21.3,"190-WB"
"A241213","TPP",54.2,"156-WB"
"A241215","TPP",47.2,"75-WB"
"A241217","TPP",43.7,"191-WB"
"A241219","TPP",30.9,"53-WB"
"A241221","TPP",12.4,"140-WB"
"A241229","TPP",47.8,"130-WB"
"A241230","TPP",35.6,"145-WB"
"A241232","TPP",142,"68-WB"
"A241235","TPP",24.2,"150-WB"
"A241242","TPP",12.2,"102-WB"
"A241248","TPP",12.5,"104-WB"
"A241253","TPP",18.9,"131-WB"
"A241259","TPP",62.6,"154-WB"
"A241260","TPP",5.8,"144-WB"
"A241263","TPP",27,"165-WB"
"A241264","TPP",42.4,"105-WB"
"A241266","TPP",4510,"188-WB"
"A241270","TPP",31.6,"90-WB"
"A241273","TPP",14.7,"166-WB"
"A241564","TPP",141,"143-WB"
"A241566","TPP",18.1,"109-WB"
"A241571","TPP",17.2,"103-WB"
"A241574","TPP",2.71,"88-WB"
"A241579","TPP",75.2,"92-WB"
"A241580","TPP",2.94,"24-WB"
"A241587","TPP",55.3,"121-WB"
"A241589","TPP",30.7,"158-WB"
"A241591","TPP",243,"146-WB"
"A241592","TPP",149,"189-WB"
"A241594","TPP",19.1,"32-WB"
"A241596","TPP",167,"141-WB"
"A241601","TPP",19.2,"160-WB"
"A241603","TPP",38.4,"38-WB"
"A241604","TPP",71.9,"245-WB"
"A241613","TPP",21.7,"272-WB"
"A241615","TPP",70,"306-WB"
"A241618","TPP",105,"250-WB"
"A241624","TPP",60.8,"197-WB"
"A241627","TPP",15.9,"321-WB"
"A241631","TPP",26.6,"290-WB"
"A241230","2,4-Dichlorophenol",11.3,"145-WB"
"A241151","Biphenyl",2.8,"56-WB"
"A241194","Biphenyl",4.24,"169-WB"
"A241201","Biphenyl",3.9,"147-WB"
"A241270","Biphenyl",51.9,"90-WB"
"A241587","Biphenyl",5.98,"121-WB"
"A241603","Biphenyl",14.2,"38-WB"
"A241627","Biphenyl",4.18,"321-WB"
"A241194","Acenaphthene",13.4,"169-WB"
"A241201","Acenaphthene",14.1,"147-WB"
"A241213","Acenaphthene",9.71,"156-WB"
"A241230","Acenaphthene",3.17,"145-WB"
"A241235","Acenaphthene",10.6,"150-WB"
"A241259","Acenaphthene",26.6,"154-WB"
"A241273","Acenaphthene",5.13,"166-WB"
"A241591","Acenaphthene",17.6,"146-WB"
"A241601","Acenaphthene",9.26,"160-WB"
"A241203","Acenaphthylene",1.6,"173-WB"
"A241209","Alpha-Chlordane",37.6,"190-WB"
"A241133","Anthracene",3.61,"25-WB"
"A241137","Anthracene",14.7,"45-WB"
"A241139","Anthracene",12.7,"82-WB"
"A241149","Anthracene",7.44,"40-WB"
"A241151","Anthracene",8.59,"56-WB"
"A241153","Anthracene",13.9,"29-WB"
"A241175","Anthracene",17.2,"48-WB"
"A241186","Anthracene",5.67,"52-WB"
"A241188","Anthracene",3.88,"122-WB"
"A241201","Anthracene",33.9,"147-WB"
"A241205","Anthracene",11.2,"135-WB"
"A241209","Anthracene",8.67,"190-WB"
"A241211","Anthracene",10.5,"119-WB"
"A241213","Anthracene",38.4,"156-WB"
"A241224","Anthracene",10.6,"167-WB"
"A241235","Anthracene",41.9,"150-WB"
"A241250","Anthracene",8.38,"100-WB"
"A241256","Anthracene",6.74,"179-WB"
"A241260","Anthracene",43.3,"144-WB"
"A241273","Anthracene",19.1,"166-WB"
"A241564","Anthracene",8.61,"143-WB"
"A241566","Anthracene",12,"109-WB"
"A241572","Anthracene",42.4,"91-WB"
"A241579","Anthracene",1.57,"92-WB"
"A241587","Anthracene",44.3,"121-WB"
"A241589","Anthracene",2.35,"158-WB"
"A241591","Anthracene",103,"146-WB"
"A241592","Anthracene",54.1,"189-WB"
"A241601","Anthracene",15.8,"160-WB"
"A241603","Anthracene",9.03,"38-WB"
"A241627","Anthracene",2.72,"321-WB"
"A241629","Anthracene",7.94,"324-WB"
"A241631","Anthracene",11.3,"290-WB"
"A241263","Benzyl alcohol",65.2,"165-WB"
"A241134","Butyl benzyl phthalate",275,"31-WB"
"A241139","Butyl benzyl phthalate",251,"82-WB"
"A241142","Butyl benzyl phthalate",58.7,"62-WB"
"A241144","Butyl benzyl phthalate",1280,"65-WB"
"A241147","Butyl benzyl phthalate",15.5,"74-WB"
"A241149","Butyl benzyl phthalate",42.9,"40-WB"
"A241151","Butyl benzyl phthalate",190,"56-WB"
"A241153","Butyl benzyl phthalate",36.1,"29-WB"
"A241155","Butyl benzyl phthalate",108,"72-WB"
"A241156","Butyl benzyl phthalate",81.3,"26-WB"
"A241158","Butyl benzyl phthalate",15.6,"73-WB"
"A241161","Butyl benzyl phthalate",119,"85-WB"
"A241163","Butyl benzyl phthalate",97.6,"60-WB"
"A241168","Butyl benzyl phthalate",40.6,"63-WB"
"A241170","Butyl benzyl phthalate",33.1,"36-WB"
"A241173","Butyl benzyl phthalate",162,"64-WB"
"A241177","Butyl benzyl phthalate",20.3,"34-WB"
"A241184","Butyl benzyl phthalate",111,"96-WB"
"A241186","Butyl benzyl phthalate",870,"52-WB"
"A241188","Butyl benzyl phthalate",71.3,"122-WB"
"A241191","Butyl benzyl phthalate",214,"161-WB"
"A241192","Butyl benzyl phthalate",50.6,"124-WB"
"A241194","Butyl benzyl phthalate",163,"169-WB"
"A241196","Butyl benzyl phthalate",502,"134-WB"
"A241201","Butyl benzyl phthalate",69.6,"147-WB"
"A241203","Butyl benzyl phthalate",89.9,"173-WB"
"A241207","Butyl benzyl phthalate",41.5,"132-WB"
"A241209","Butyl benzyl phthalate",96.5,"190-WB"
"A241211","Butyl benzyl phthalate",36,"119-WB"
"A241213","Butyl benzyl phthalate",271,"156-WB"
"A241215","Butyl benzyl phthalate",111,"75-WB"
"A241217","Butyl benzyl phthalate",17500,"191-WB"
"A241219","Butyl benzyl phthalate",1930,"53-WB"
"A241221","Butyl benzyl phthalate",48.7,"140-WB"
"A241222","Butyl benzyl phthalate",94.5,"123-WB"
"A241224","Butyl benzyl phthalate",24.5,"167-WB"
"A241229","Butyl benzyl phthalate",135,"130-WB"
"A241230","Butyl benzyl phthalate",123,"145-WB"
"A241232","Butyl benzyl phthalate",858,"68-WB"
"A241235","Butyl benzyl phthalate",274,"150-WB"
"A241236","Butyl benzyl phthalate",90.3,"157-WB"
"A241238","Butyl benzyl phthalate",181,"168-WB"
"A241241","Butyl benzyl phthalate",64.5,"80-WB"
"A241242","Butyl benzyl phthalate",48.5,"102-WB"
"A241245","Butyl benzyl phthalate",9.09,"180-WB"
"A241246","Butyl benzyl phthalate",54.1,"54-WB"
"A241253","Butyl benzyl phthalate",34.7,"131-WB"
"A241254","Butyl benzyl phthalate",61.9,"51-WB"
"A241256","Butyl benzyl phthalate",13.6,"179-WB"
"A241259","Butyl benzyl phthalate",96.7,"154-WB"
"A241260","Butyl benzyl phthalate",20.9,"144-WB"
"A241263","Butyl benzyl phthalate",31.8,"165-WB"
"A241264","Butyl benzyl phthalate",61.1,"105-WB"
"A241266","Butyl benzyl phthalate",132,"188-WB"
"A241269","Butyl benzyl phthalate",50.5,"117-WB"
"A241270","Butyl benzyl phthalate",126,"90-WB"
"A241273","Butyl benzyl phthalate",82.1,"166-WB"
"A241564","Butyl benzyl phthalate",254,"143-WB"
"A241566","Butyl benzyl phthalate",171,"109-WB"
"A241568","Butyl benzyl phthalate",31.9,"174-WB"
"A241571","Butyl benzyl phthalate",1240,"103-WB"
"A241572","Butyl benzyl phthalate",830,"91-WB"
"A241574","Butyl benzyl phthalate",32.5,"88-WB"
"A241576","Butyl benzyl phthalate",155,"175-WB"
"A241579","Butyl benzyl phthalate",175,"92-WB"
"A241580","Butyl benzyl phthalate",327,"24-WB"
"A241583","Butyl benzyl phthalate",79.9,"176-WB"
"A241585","Butyl benzyl phthalate",38.1,"101-WB"
"A241587","Butyl benzyl phthalate",952,"121-WB"
"A241589","Butyl benzyl phthalate",48.8,"158-WB"
"A241591","Butyl benzyl phthalate",419,"146-WB"
"A241592","Butyl benzyl phthalate",1640,"189-WB"
"A241594","Butyl benzyl phthalate",139,"32-WB"
"A241596","Butyl benzyl phthalate",10000,"141-WB"
"A241599","Butyl benzyl phthalate",196,"159-WB"
"A241601","Butyl benzyl phthalate",1130,"160-WB"
"A241603","Butyl benzyl phthalate",21700,"38-WB"
"A241604","Butyl benzyl phthalate",159,"245-WB"
"A241606","Butyl benzyl phthalate",33.4,"299-WB"
"A241609","Butyl benzyl phthalate",92.2,"298-WB"
"A241613","Butyl benzyl phthalate",128,"272-WB"
"A241615","Butyl benzyl phthalate",451,"306-WB"
"A241616","Butyl benzyl phthalate",161,"307-WB"
"A241618","Butyl benzyl phthalate",942,"250-WB"
"A241621","Butyl benzyl phthalate",926,"348-WB"
"A241622","Butyl benzyl phthalate",1170,"205-WB"
"A241624","Butyl benzyl phthalate",9.33,"197-WB"
"A241627","Butyl benzyl phthalate",7.73,"321-WB"
"A241629","Butyl benzyl phthalate",293,"324-WB"
"A241631","Butyl benzyl phthalate",115,"290-WB"
"A241633","Butyl benzyl phthalate",194,"246-WB"
"A241133","Bis(2-ethylhexyl)phthalate",24.8,"25-WB"
"A241134","Bis(2-ethylhexyl)phthalate",16900,"31-WB"
"A241137","Bis(2-ethylhexyl)phthalate",3840,"45-WB"
"A241139","Bis(2-ethylhexyl)phthalate",9200,"82-WB"
"A241140","Bis(2-ethylhexyl)phthalate",12000,"67-WB"
"A241142","Bis(2-ethylhexyl)phthalate",5510,"62-WB"
"A241144","Bis(2-ethylhexyl)phthalate",21700,"65-WB"
"A241147","Bis(2-ethylhexyl)phthalate",897,"74-WB"
"A241149","Bis(2-ethylhexyl)phthalate",2270,"40-WB"
"A241151","Bis(2-ethylhexyl)phthalate",5990,"56-WB"
"A241153","Bis(2-ethylhexyl)phthalate",4810,"29-WB"
"A241155","Bis(2-ethylhexyl)phthalate",4650,"72-WB"
"A241156","Bis(2-ethylhexyl)phthalate",4970,"26-WB"
"A241158","Bis(2-ethylhexyl)phthalate",3200,"73-WB"
"A241161","Bis(2-ethylhexyl)phthalate",19100,"85-WB"
"A241163","Bis(2-ethylhexyl)phthalate",15900,"60-WB"
"A241164","Bis(2-ethylhexyl)phthalate",7930,"42-WB"
"A241166","Bis(2-ethylhexyl)phthalate",1540,"57-WB"
"A241168","Bis(2-ethylhexyl)phthalate",4740,"63-WB"
"A241170","Bis(2-ethylhexyl)phthalate",2330,"36-WB"
"A241173","Bis(2-ethylhexyl)phthalate",4930,"64-WB"
"A241175","Bis(2-ethylhexyl)phthalate",16900,"48-WB"
"A241177","Bis(2-ethylhexyl)phthalate",10500,"34-WB"
"A241179","Bis(2-ethylhexyl)phthalate",12000,"76-WB"
"A241181","Bis(2-ethylhexyl)phthalate",8350,"27-WB"
"A241184","Bis(2-ethylhexyl)phthalate",71900,"96-WB"
"A241186","Bis(2-ethylhexyl)phthalate",7430,"52-WB"
"A241188","Bis(2-ethylhexyl)phthalate",37000,"122-WB"
"A241191","Bis(2-ethylhexyl)phthalate",3390,"161-WB"
"A241192","Bis(2-ethylhexyl)phthalate",6860,"124-WB"
"A241194","Bis(2-ethylhexyl)phthalate",49200,"169-WB"
"A241196","Bis(2-ethylhexyl)phthalate",12000,"134-WB"
"A241198","Bis(2-ethylhexyl)phthalate",19900,"33-WB"
"A241203","Bis(2-ethylhexyl)phthalate",8390,"173-WB"
"A241205","Bis(2-ethylhexyl)phthalate",4730,"135-WB"
"A241207","Bis(2-ethylhexyl)phthalate",18100,"132-WB"
"A241211","Bis(2-ethylhexyl)phthalate",2290,"119-WB"
"A241213","Bis(2-ethylhexyl)phthalate",29300,"156-WB"
"A241215","Bis(2-ethylhexyl)phthalate",10100,"75-WB"
"A241217","Bis(2-ethylhexyl)phthalate",21000,"191-WB"
"A241219","Bis(2-ethylhexyl)phthalate",27000,"53-WB"
"A241221","Bis(2-ethylhexyl)phthalate",2660,"140-WB"
"A241222","Bis(2-ethylhexyl)phthalate",1610,"123-WB"
"A241224","Bis(2-ethylhexyl)phthalate",3930,"167-WB"
"A241226","Bis(2-ethylhexyl)phthalate",76.7,"153-WB"
"A241229","Bis(2-ethylhexyl)phthalate",28200,"130-WB"
"A241230","Bis(2-ethylhexyl)phthalate",7720,"145-WB"
"A241232","Bis(2-ethylhexyl)phthalate",16700,"68-WB"
"A241235","Bis(2-ethylhexyl)phthalate",13400,"150-WB"
"A241236","Bis(2-ethylhexyl)phthalate",7310,"157-WB"
"A241238","Bis(2-ethylhexyl)phthalate",513,"168-WB"
"A241241","Bis(2-ethylhexyl)phthalate",16800,"80-WB"
"A241242","Bis(2-ethylhexyl)phthalate",4150,"102-WB"
"A241245","Bis(2-ethylhexyl)phthalate",997,"180-WB"
"A241246","Bis(2-ethylhexyl)phthalate",9510,"54-WB"
"A241248","Bis(2-ethylhexyl)phthalate",47.1,"104-WB"
"A241250","Bis(2-ethylhexyl)phthalate",10800,"100-WB"
"A241253","Bis(2-ethylhexyl)phthalate",75.2,"131-WB"
"A241254","Bis(2-ethylhexyl)phthalate",16400,"51-WB"
"A241256","Bis(2-ethylhexyl)phthalate",440,"179-WB"
"A241259","Bis(2-ethylhexyl)phthalate",7970,"154-WB"
"A241263","Bis(2-ethylhexyl)phthalate",3820,"165-WB"
"A241264","Bis(2-ethylhexyl)phthalate",4240,"105-WB"
"A241266","Bis(2-ethylhexyl)phthalate",3070,"188-WB"
"A241269","Bis(2-ethylhexyl)phthalate",4010,"117-WB"
"A241270","Bis(2-ethylhexyl)phthalate",8130,"90-WB"
"A241273","Bis(2-ethylhexyl)phthalate",13600,"166-WB"
"A241564","Bis(2-ethylhexyl)phthalate",15500,"143-WB"
"A241568","Bis(2-ethylhexyl)phthalate",8090,"174-WB"
"A241571","Bis(2-ethylhexyl)phthalate",16700,"103-WB"
"A241572","Bis(2-ethylhexyl)phthalate",16200,"91-WB"
"A241574","Bis(2-ethylhexyl)phthalate",5240,"88-WB"
"A241580","Bis(2-ethylhexyl)phthalate",1340,"24-WB"
"A241583","Bis(2-ethylhexyl)phthalate",8470,"176-WB"
"A241585","Bis(2-ethylhexyl)phthalate",8850,"101-WB"
"A241591","Bis(2-ethylhexyl)phthalate",29700,"146-WB"
"A241592","Bis(2-ethylhexyl)phthalate",42900,"189-WB"
"A241594","Bis(2-ethylhexyl)phthalate",9200,"32-WB"
"A241599","Bis(2-ethylhexyl)phthalate",4270,"159-WB"
"A241601","Bis(2-ethylhexyl)phthalate",10300,"160-WB"
"A241604","Bis(2-ethylhexyl)phthalate",5350,"245-WB"
"A241606","Bis(2-ethylhexyl)phthalate",5880,"299-WB"
"A241609","Bis(2-ethylhexyl)phthalate",6200,"298-WB"
"A241615","Bis(2-ethylhexyl)phthalate",33900,"306-WB"
"A241616","Bis(2-ethylhexyl)phthalate",9030,"307-WB"
"A241618","Bis(2-ethylhexyl)phthalate",28400,"250-WB"
"A241621","Bis(2-ethylhexyl)phthalate",42900,"348-WB"
"A241622","Bis(2-ethylhexyl)phthalate",178000,"205-WB"
"A241624","Bis(2-ethylhexyl)phthalate",15400,"197-WB"
"A241627","Bis(2-ethylhexyl)phthalate",25100,"321-WB"
"A241629","Bis(2-ethylhexyl)phthalate",6690,"324-WB"
"A241631","Bis(2-ethylhexyl)phthalate",17000,"290-WB"
"A241633","Bis(2-ethylhexyl)phthalate",3760,"246-WB"
"A241583","Bifenthrin",12.5,"176-WB"
"A241585","Bifenthrin",125,"101-WB"
"A241591","9-Fluorenone",10,"146-WB"
"A241572","3,6-Dimethylphenanthrene",57.9,"91-WB"
"A241149","1,6-Dimethylnaphthalene",2.65,"40-WB"
"A241211","1,6-Dimethylnaphthalene",3.93,"119-WB"
"A241601","1,6-Dimethylnaphthalene",1.35,"160-WB"
"A241151","1,2-Dimethylnaphthalene",7.79,"56-WB"
"A241205","1,2-Dimethylnaphthalene",3.78,"135-WB"
"A241211","1,2-Dimethylnaphthalene",4.74,"119-WB"
"A241603","1,2-Dimethylnaphthalene",42.9,"38-WB"
"A241149","2-Methylphenanthrene",3.78,"40-WB"
"A241175","2-Methylphenanthrene",15.6,"48-WB"
"A241572","2-Methylphenanthrene",19.3,"91-WB"
"A241596","2-Methylphenanthrene",15.5,"141-WB"
"A241175","1-Methylpyrene",13.3,"48-WB"
"A241140","N,N-Diethyl-m-toluamide",1490,"67-WB"
"A241142","N,N-Diethyl-m-toluamide",202,"62-WB"
"A241144","N,N-Diethyl-m-toluamide",3430,"65-WB"
"A241147","N,N-Diethyl-m-toluamide",148,"74-WB"
"A241149","N,N-Diethyl-m-toluamide",227,"40-WB"
"A241151","N,N-Diethyl-m-toluamide",12400,"56-WB"
"A241158","N,N-Diethyl-m-toluamide",106,"73-WB"
"A241161","N,N-Diethyl-m-toluamide",90.6,"85-WB"
"A241164","N,N-Diethyl-m-toluamide",862,"42-WB"
"A241166","N,N-Diethyl-m-toluamide",36.9,"57-WB"
"A241168","N,N-Diethyl-m-toluamide",194,"63-WB"
"A241173","N,N-Diethyl-m-toluamide",349,"64-WB"
"A241179","N,N-Diethyl-m-toluamide",12.3,"76-WB"
"A241181","N,N-Diethyl-m-toluamide",83.5,"27-WB"
"A241182","N,N-Diethyl-m-toluamide",397,"106-WB"
"A241184","N,N-Diethyl-m-toluamide",299,"96-WB"
"A241188","N,N-Diethyl-m-toluamide",135,"122-WB"
"A241196","N,N-Diethyl-m-toluamide",83,"134-WB"
"A241201","N,N-Diethyl-m-toluamide",86.6,"147-WB"
"A241203","N,N-Diethyl-m-toluamide",71.9,"173-WB"
"A241205","N,N-Diethyl-m-toluamide",68.9,"135-WB"
"A241209","N,N-Diethyl-m-toluamide",311,"190-WB"
"A241211","N,N-Diethyl-m-toluamide",29.4,"119-WB"
"A241215","N,N-Diethyl-m-toluamide",1660,"75-WB"
"A241217","N,N-Diethyl-m-toluamide",68.2,"191-WB"
"A241219","N,N-Diethyl-m-toluamide",149,"53-WB"
"A241224","N,N-Diethyl-m-toluamide",29.4,"167-WB"
"A241229","N,N-Diethyl-m-toluamide",78.1,"130-WB"
"A241232","N,N-Diethyl-m-toluamide",156,"68-WB"
"A241235","N,N-Diethyl-m-toluamide",322,"150-WB"
"A241245","N,N-Diethyl-m-toluamide",19.1,"180-WB"
"A241246","N,N-Diethyl-m-toluamide",522,"54-WB"
"A241248","N,N-Diethyl-m-toluamide",38.8,"104-WB"
"A241250","N,N-Diethyl-m-toluamide",77.4,"100-WB"
"A241253","N,N-Diethyl-m-toluamide",13.9,"131-WB"
"A241254","N,N-Diethyl-m-toluamide",17,"51-WB"
"A241256","N,N-Diethyl-m-toluamide",20.5,"179-WB"
"A241259","N,N-Diethyl-m-toluamide",81.6,"154-WB"
"A241260","N,N-Diethyl-m-toluamide",22.4,"144-WB"
"A241263","N,N-Diethyl-m-toluamide",111,"165-WB"
"A241264","N,N-Diethyl-m-toluamide",204,"105-WB"
"A241266","N,N-Diethyl-m-toluamide",75.8,"188-WB"
"A241270","N,N-Diethyl-m-toluamide",18.1,"90-WB"
"A241273","N,N-Diethyl-m-toluamide",79.2,"166-WB"
"A241564","N,N-Diethyl-m-toluamide",310,"143-WB"
"A241566","N,N-Diethyl-m-toluamide",6220,"109-WB"
"A241574","N,N-Diethyl-m-toluamide",6860,"88-WB"
"A241576","N,N-Diethyl-m-toluamide",130,"175-WB"
"A241580","N,N-Diethyl-m-toluamide",9,"24-WB"
"A241583","N,N-Diethyl-m-toluamide",107,"176-WB"
"A241585","N,N-Diethyl-m-toluamide",19.8,"101-WB"
"A241587","N,N-Diethyl-m-toluamide",1950,"121-WB"
"A241589","N,N-Diethyl-m-toluamide",30.7,"158-WB"
"A241591","N,N-Diethyl-m-toluamide",74.3,"146-WB"
"A241592","N,N-Diethyl-m-toluamide",1600,"189-WB"
"A241594","N,N-Diethyl-m-toluamide",123,"32-WB"
"A241601","N,N-Diethyl-m-toluamide",3610,"160-WB"
"A241618","N,N-Diethyl-m-toluamide",249,"250-WB"
"A241627","N,N-Diethyl-m-toluamide",186,"321-WB"
"A241631","N,N-Diethyl-m-toluamide",68.6,"290-WB"
"A241151","2,6-Dimethylnaphthalene",9.59,"56-WB"
"A241201","2,6-Dimethylnaphthalene",2.55,"147-WB"
"A241266","2,6-Dimethylnaphthalene",2.35,"188-WB"
"A241603","2,6-Dimethylnaphthalene",31.6,"38-WB"
"A241621","2,6-Dimethylnaphthalene",6.09,"348-WB"
"A241209","O-Phenylphenol",26.2,"190-WB"
"A241133","Benzophenone",212,"25-WB"
"A241134","Benzophenone",55.1,"31-WB"
"A241137","Benzophenone",45.1,"45-WB"
"A241139","Benzophenone",37.6,"82-WB"
"A241140","Benzophenone",221,"67-WB"
"A241142","Benzophenone",58.7,"62-WB"
"A241144","Benzophenone",97.5,"65-WB"
"A241147","Benzophenone",29.4,"74-WB"
"A241149","Benzophenone",35.3,"40-WB"
"A241151","Benzophenone",59.9,"56-WB"
"A241153","Benzophenone",51.8,"29-WB"
"A241155","Benzophenone",99.6,"72-WB"
"A241158","Benzophenone",42,"73-WB"
"A241161","Benzophenone",68.4,"85-WB"
"A241163","Benzophenone",26.8,"60-WB"
"A241164","Benzophenone",53.4,"42-WB"
"A241166","Benzophenone",16.8,"57-WB"
"A241168","Benzophenone",120,"63-WB"
"A241170","Benzophenone",9.78,"36-WB"
"A241173","Benzophenone",59.5,"64-WB"
"A241175","Benzophenone",248,"48-WB"
"A241177","Benzophenone",18.1,"34-WB"
"A241179","Benzophenone",30.9,"76-WB"
"A241181","Benzophenone",56.9,"27-WB"
"A241184","Benzophenone",133,"96-WB"
"A241186","Benzophenone",86,"52-WB"
"A241188","Benzophenone",46,"122-WB"
"A241192","Benzophenone",81.3,"124-WB"
"A241194","Benzophenone",59.4,"169-WB"
"A241196","Benzophenone",193,"134-WB"
"A241198","Benzophenone",655,"33-WB"
"A241201","Benzophenone",49.2,"147-WB"
"A241203","Benzophenone",47.9,"173-WB"
"A241205","Benzophenone",243,"135-WB"
"A241207","Benzophenone",39.7,"132-WB"
"A241209","Benzophenone",294,"190-WB"
"A241211","Benzophenone",45.8,"119-WB"
"A241213","Benzophenone",113,"156-WB"
"A241215","Benzophenone",59.5,"75-WB"
"A241217","Benzophenone",29.7,"191-WB"
"A241219","Benzophenone",482,"53-WB"
"A241221","Benzophenone",53.1,"140-WB"
"A241222","Benzophenone",42,"123-WB"
"A241224","Benzophenone",27.8,"167-WB"
"A241229","Benzophenone",99.8,"130-WB"
"A241230","Benzophenone",117,"145-WB"
"A241235","Benzophenone",27.4,"150-WB"
"A241236","Benzophenone",19.1,"157-WB"
"A241238","Benzophenone",32.8,"168-WB"
"A241241","Benzophenone",14.3,"80-WB"
"A241246","Benzophenone",37.3,"54-WB"
"A241248","Benzophenone",42.9,"104-WB"
"A241250","Benzophenone",29,"100-WB"
"A241253","Benzophenone",73.3,"131-WB"
"A241259","Benzophenone",64.5,"154-WB"
"A241260","Benzophenone",92.8,"144-WB"
"A241263","Benzophenone",223,"165-WB"
"A241264","Benzophenone",102,"105-WB"
"A241266","Benzophenone",30.7,"188-WB"
"A241269","Benzophenone",25.2,"117-WB"
"A241270","Benzophenone",72.2,"90-WB"
"A241273","Benzophenone",92.3,"166-WB"
"A241564","Benzophenone",107,"143-WB"
"A241566","Benzophenone",110,"109-WB"
"A241568","Benzophenone",196,"174-WB"
"A241571","Benzophenone",164,"103-WB"
"A241572","Benzophenone",168,"91-WB"
"A241574","Benzophenone",12.3,"88-WB"
"A241576","Benzophenone",28.9,"175-WB"
"A241579","Benzophenone",22.7,"92-WB"
"A241580","Benzophenone",18,"24-WB"
"A241583","Benzophenone",31.4,"176-WB"
"A241585","Benzophenone",13,"101-WB"
"A241587","Benzophenone",288,"121-WB"
"A241589","Benzophenone",11.7,"158-WB"
"A241591","Benzophenone",162,"146-WB"
"A241592","Benzophenone",373,"189-WB"
"A241594","Benzophenone",115,"32-WB"
"A241596","Benzophenone",196,"141-WB"
"A241599","Benzophenone",52.4,"159-WB"
"A241601","Benzophenone",60.9,"160-WB"
"A241603","Benzophenone",361,"38-WB"
"A241604","Benzophenone",31.8,"245-WB"
"A241606","Benzophenone",60.4,"299-WB"
"A241609","Benzophenone",89,"298-WB"
"A241613","Benzophenone",27.1,"272-WB"
"A241615","Benzophenone",144,"306-WB"
"A241616","Benzophenone",84.9,"307-WB"
"A241618","Benzophenone",231,"250-WB"
"A241621","Benzophenone",20.3,"348-WB"
"A241622","Benzophenone",339,"205-WB"
"A241624","Benzophenone",41.2,"197-WB"
"A241627","Benzophenone",150,"321-WB"
"A241629","Benzophenone",33.4,"324-WB"
"A241631","Benzophenone",57.5,"290-WB"
"A241246","Pyrimethanil",33.6,"54-WB"
"A241142","Piperonyl butoxide",53.2,"62-WB"
"A241259","Piperonyl butoxide",2090,"154-WB"
"A241613","Piperonyl butoxide",397,"272-WB"
"A241591","Dicyclohexyl phthalate",514,"146-WB"
"A241604","Dicyclohexyl phthalate",368,"245-WB"
"A241615","Dicyclohexyl phthalate",203,"306-WB"
"A241618","Dicyclohexyl phthalate",51.5,"250-WB"
"A241624","Dicyclohexyl phthalate",1560,"197-WB"
"A241147","Triethyl phosphate",44.8,"74-WB"
"A241151","Triethyl phosphate",152,"56-WB"
"A241166","Triethyl phosphate",8.62,"57-WB"
"A241168","Triethyl phosphate",8.35,"63-WB"
"A241173","Triethyl phosphate",13.7,"64-WB"
"A241181","Triethyl phosphate",12.9,"27-WB"
"A241192","Triethyl phosphate",39.7,"124-WB"
"A241219","Triethyl phosphate",14.1,"53-WB"
"A241596","Triethyl phosphate",56.9,"141-WB"
"A241599","Triethyl phosphate",10.7,"159-WB"
"A241627","Triethyl phosphate",11.7,"321-WB"
"A241149","Carvone",40.4,"40-WB"
"A241177","Carvone",14.3,"34-WB"
"A241568","Carvone",18.3,"174-WB"
"A241596","Carvone",47.1,"141-WB"
"A241205","Thymol",13.5,"135-WB"
"A241591","Thymol",35.1,"146-WB"
"A241596","Thymol",35.3,"141-WB"
"A241618","Thymol",30.2,"250-WB"
"A241622","Thymol",115,"205-WB"
"A241609","Eugenol",50.9,"298-WB"
"A241156","Phthalimide",16.7,"26-WB"
"A241140","Cashmeran",51.9,"67-WB"
"A241201","Cashmeran",33.9,"147-WB"
"A241583","Cashmeran",5.02,"176-WB"
"A241604","Cashmeran",752,"245-WB"
"A241144","TCEP",542,"65-WB"
"A241164","TCEP",89.6,"42-WB"
"A241260","TCEP",11.6,"144-WB"
"A241596","TCEP",118,"141-WB"
"A241134","Benzyl benzoate",114,"31-WB"
"A241137","Benzyl benzoate",124,"45-WB"
"A241139","Benzyl benzoate",113,"82-WB"
"A241140","Benzyl benzoate",4740,"67-WB"
"A241142","Benzyl benzoate",67.9,"62-WB"
"A241144","Benzyl benzoate",1570,"65-WB"
"A241147","Benzyl benzoate",92.8,"74-WB"
"A241149","Benzyl benzoate",126,"40-WB"
"A241151","Benzyl benzoate",739,"56-WB"
"A241153","Benzyl benzoate",342,"29-WB"
"A241155","Benzyl benzoate",1900,"72-WB"
"A241156","Benzyl benzoate",1150,"26-WB"
"A241158","Benzyl benzoate",106,"73-WB"
"A241161","Benzyl benzoate",525,"85-WB"
"A241163","Benzyl benzoate",159,"60-WB"
"A241164","Benzyl benzoate",999,"42-WB"
"A241166","Benzyl benzoate",156,"57-WB"
"A241168","Benzyl benzoate",117,"63-WB"
"A241170","Benzyl benzoate",9030,"36-WB"
"A241173","Benzyl benzoate",57.5,"64-WB"
"A241175","Benzyl benzoate",40.6,"48-WB"
"A241177","Benzyl benzoate",24.8,"34-WB"
"A241179","Benzyl benzoate",21.2,"76-WB"
"A241181","Benzyl benzoate",137,"27-WB"
"A241182","Benzyl benzoate",523,"106-WB"
"A241184","Benzyl benzoate",775,"96-WB"
"A241186","Benzyl benzoate",674,"52-WB"
"A241191","Benzyl benzoate",2710,"161-WB"
"A241192","Benzyl benzoate",1570,"124-WB"
"A241194","Benzyl benzoate",611,"169-WB"
"A241196","Benzyl benzoate",1350,"134-WB"
"A241203","Benzyl benzoate",539,"173-WB"
"A241205","Benzyl benzoate",109,"135-WB"
"A241207","Benzyl benzoate",343,"132-WB"
"A241209","Benzyl benzoate",1800,"190-WB"
"A241211","Benzyl benzoate",164,"119-WB"
"A241213","Benzyl benzoate",497,"156-WB"
"A241215","Benzyl benzoate",189,"75-WB"
"A241217","Benzyl benzoate",6300,"191-WB"
"A241219","Benzyl benzoate",3670,"53-WB"
"A241221","Benzyl benzoate",44.3,"140-WB"
"A241222","Benzyl benzoate",110,"123-WB"
"A241229","Benzyl benzoate",239,"130-WB"
"A241230","Benzyl benzoate",970,"145-WB"
"A241232","Benzyl benzoate",2710,"68-WB"
"A241235","Benzyl benzoate",822,"150-WB"
"A241236","Benzyl benzoate",60.2,"157-WB"
"A241238","Benzyl benzoate",246,"168-WB"
"A241246","Benzyl benzoate",132,"54-WB"
"A241248","Benzyl benzoate",138,"104-WB"
"A241250","Benzyl benzoate",22.6,"100-WB"
"A241253","Benzyl benzoate",23.2,"131-WB"
"A241259","Benzyl benzoate",8160,"154-WB"
"A241260","Benzyl benzoate",464,"144-WB"
"A241263","Benzyl benzoate",4290,"165-WB"
"A241264","Benzyl benzoate",221,"105-WB"
"A241266","Benzyl benzoate",130,"188-WB"
"A241269","Benzyl benzoate",87.6,"117-WB"
"A241270","Benzyl benzoate",81.3,"90-WB"
"A241273","Benzyl benzoate",235,"166-WB"
"A241566","Benzyl benzoate",612,"109-WB"
"A241568","Benzyl benzoate",937,"174-WB"
"A241571","Benzyl benzoate",448,"103-WB"
"A241576","Benzyl benzoate",253,"175-WB"
"A241579","Benzyl benzoate",40.2,"92-WB"
"A241580","Benzyl benzoate",58.9,"24-WB"
"A241583","Benzyl benzoate",84.7,"176-WB"
"A241585","Benzyl benzoate",11.4,"101-WB"
"A241587","Benzyl benzoate",398,"121-WB"
"A241589","Benzyl benzoate",325,"158-WB"
"A241591","Benzyl benzoate",162,"146-WB"
"A241592","Benzyl benzoate",840,"189-WB"
"A241594","Benzyl benzoate",174,"32-WB"
"A241596","Benzyl benzoate",1060,"141-WB"
"A241599","Benzyl benzoate",26700,"159-WB"
"A241601","Benzyl benzoate",305,"160-WB"
"A241603","Benzyl benzoate",196,"38-WB"
"A241604","Benzyl benzoate",686,"245-WB"
"A241606","Benzyl benzoate",118,"299-WB"
"A241609","Benzyl benzoate",207,"298-WB"
"A241613","Benzyl benzoate",112,"272-WB"
"A241615","Benzyl benzoate",1260,"306-WB"
"A241618","Benzyl benzoate",21300,"250-WB"
"A241621","Benzyl benzoate",474,"348-WB"
"A241622","Benzyl benzoate",587,"205-WB"
"A241624","Benzyl benzoate",156,"197-WB"
"A241627","Benzyl benzoate",669,"321-WB"
"A241629","Benzyl benzoate",1570,"324-WB"
"A241631","Benzyl benzoate",1060,"290-WB"
"A241633","Benzyl benzoate",941,"246-WB"
"A241144","Exaltolide [15-Pentadecanolide]",1120,"65-WB"
"A241186","Exaltolide [15-Pentadecanolide]",1560,"52-WB"
"A241188","Exaltolide [15-Pentadecanolide]",289,"122-WB"
"A241196","Exaltolide [15-Pentadecanolide]",1350,"134-WB"
"A241217","Exaltolide [15-Pentadecanolide]",3850,"191-WB"
"A241604","Exaltolide [15-Pentadecanolide]",15700,"245-WB"
"A241134","Caffeine",367,"31-WB"
"A241139","Caffeine",1270,"82-WB"
"A241140","Caffeine",163,"67-WB"
"A241144","Caffeine",813,"65-WB"
"A241149","Caffeine",151,"40-WB"
"A241151","Caffeine",280,"56-WB"
"A241155","Caffeine",55.3,"72-WB"
"A241156","Caffeine",1310,"26-WB"
"A241161","Caffeine",159,"85-WB"
"A241164","Caffeine",165,"42-WB"
"A241166","Caffeine",162,"57-WB"
"A241168","Caffeine",113,"63-WB"
"A241173","Caffeine",226,"64-WB"
"A241175","Caffeine",1380,"48-WB"
"A241179","Caffeine",386,"76-WB"
"A241181","Caffeine",247,"27-WB"
"A241182","Caffeine",523,"106-WB"
"A241184","Caffeine",620,"96-WB"
"A241192","Caffeine",777,"124-WB"
"A241196","Caffeine",3280,"134-WB"
"A241201","Caffeine",373,"147-WB"
"A241203","Caffeine",420,"173-WB"
"A241207","Caffeine",1730,"132-WB"
"A241209","Caffeine",654,"190-WB"
"A241211","Caffeine",123,"119-WB"
"A241213","Caffeine",361,"156-WB"
"A241217","Caffeine",192,"191-WB"
"A241219","Caffeine",232,"53-WB"
"A241221","Caffeine",166,"140-WB"
"A241222","Caffeine",245,"123-WB"
"A241224","Caffeine",152,"167-WB"
"A241230","Caffeine",257,"145-WB"
"A241232","Caffeine",203,"68-WB"
"A241235","Caffeine",2580,"150-WB"
"A241236","Caffeine",838,"157-WB"
"A241241","Caffeine",461,"80-WB"
"A241242","Caffeine",305,"102-WB"
"A241245","Caffeine",67.4,"180-WB"
"A241248","Caffeine",332,"104-WB"
"A241250","Caffeine",274,"100-WB"
"A241253","Caffeine",482,"131-WB"
"A241254","Caffeine",280,"51-WB"
"A241256","Caffeine",52.8,"179-WB"
"A241259","Caffeine",341,"154-WB"
"A241264","Caffeine",102,"105-WB"
"A241266","Caffeine",939,"188-WB"
"A241269","Caffeine",861,"117-WB"
"A241270","Caffeine",271,"90-WB"
"A241273","Caffeine",107,"166-WB"
"A241564","Caffeine",1110,"143-WB"
"A241566","Caffeine",130,"109-WB"
"A241572","Caffeine",270,"91-WB"
"A241574","Caffeine",163,"88-WB"
"A241576","Caffeine",325,"175-WB"
"A241579","Caffeine",143,"92-WB"
"A241583","Caffeine",502,"176-WB"
"A241587","Caffeine",288,"121-WB"
"A241589","Caffeine",1190,"158-WB"
"A241591","Caffeine",1490,"146-WB"
"A241592","Caffeine",2980,"189-WB"
"A241594","Caffeine",1530,"32-WB"
"A241596","Caffeine",1180,"141-WB"
"A241599","Caffeine",160,"159-WB"
"A241604","Caffeine",51.8,"245-WB"
"A241606","Caffeine",334,"299-WB"
"A241609","Caffeine",366,"298-WB"
"A241615","Caffeine",131,"306-WB"
"A241616","Caffeine",813,"307-WB"
"A241627","Caffeine",251,"321-WB"
"A241629","Caffeine",48.1,"324-WB"
"A241631","Caffeine",70.8,"290-WB"
"A241633","Caffeine",205,"246-WB"
"A241133","Diisobutyl phthalate",192,"25-WB"
"A241134","Diisobutyl phthalate",127,"31-WB"
"A241139","Diisobutyl phthalate",627,"82-WB"
"A241140","Diisobutyl phthalate",2010,"67-WB"
"A241144","Diisobutyl phthalate",1440,"65-WB"
"A241147","Diisobutyl phthalate",130,"74-WB"
"A241149","Diisobutyl phthalate",120,"40-WB"
"A241151","Diisobutyl phthalate",539,"56-WB"
"A241153","Diisobutyl phthalate",213,"29-WB"
"A241155","Diisobutyl phthalate",398,"72-WB"
"A241156","Diisobutyl phthalate",519,"26-WB"
"A241158","Diisobutyl phthalate",42,"73-WB"
"A241161","Diisobutyl phthalate",334,"85-WB"
"A241164","Diisobutyl phthalate",241,"42-WB"
"A241166","Diisobutyl phthalate",115,"57-WB"
"A241168","Diisobutyl phthalate",316,"63-WB"
"A241170","Diisobutyl phthalate",135,"36-WB"
"A241173","Diisobutyl phthalate",369,"64-WB"
"A241177","Diisobutyl phthalate",143,"34-WB"
"A241179","Diisobutyl phthalate",617,"76-WB"
"A241181","Diisobutyl phthalate",228,"27-WB"
"A241182","Diisobutyl phthalate",418,"106-WB"
"A241186","Diisobutyl phthalate",2350,"52-WB"
"A241188","Diisobutyl phthalate",415,"122-WB"
"A241191","Diisobutyl phthalate",117,"161-WB"
"A241192","Diisobutyl phthalate",271,"124-WB"
"A241194","Diisobutyl phthalate",475,"169-WB"
"A241196","Diisobutyl phthalate",907,"134-WB"
"A241198","Diisobutyl phthalate",339,"33-WB"
"A241201","Diisobutyl phthalate",933,"147-WB"
"A241203","Diisobutyl phthalate",679,"173-WB"
"A241207","Diisobutyl phthalate",361,"132-WB"
"A241209","Diisobutyl phthalate",1800,"190-WB"
"A241211","Diisobutyl phthalate",85.1,"119-WB"
"A241213","Diisobutyl phthalate",1400,"156-WB"
"A241215","Diisobutyl phthalate",98.5,"75-WB"
"A241217","Diisobutyl phthalate",262,"191-WB"
"A241219","Diisobutyl phthalate",1850,"53-WB"
"A241221","Diisobutyl phthalate",206,"140-WB"
"A241222","Diisobutyl phthalate",175,"123-WB"
"A241224","Diisobutyl phthalate",425,"167-WB"
"A241229","Diisobutyl phthalate",673,"130-WB"
"A241230","Diisobutyl phthalate",1250,"145-WB"
"A241232","Diisobutyl phthalate",361,"68-WB"
"A241235","Diisobutyl phthalate",484,"150-WB"
"A241236","Diisobutyl phthalate",516,"157-WB"
"A241238","Diisobutyl phthalate",115,"168-WB"
"A241241","Diisobutyl phthalate",530,"80-WB"
"A241242","Diisobutyl phthalate",651,"102-WB"
"A241245","Diisobutyl phthalate",98.2,"180-WB"
"A241246","Diisobutyl phthalate",6720,"54-WB"
"A241248","Diisobutyl phthalate",2770,"104-WB"
"A241250","Diisobutyl phthalate",371,"100-WB"
"A241253","Diisobutyl phthalate",270,"131-WB"
"A241254","Diisobutyl phthalate",499,"51-WB"
"A241256","Diisobutyl phthalate",104,"179-WB"
"A241259","Diisobutyl phthalate",967,"154-WB"
"A241260","Diisobutyl phthalate",1700,"144-WB"
"A241263","Diisobutyl phthalate",477,"165-WB"
"A241264","Diisobutyl phthalate",1560,"105-WB"
"A241266","Diisobutyl phthalate",704,"188-WB"
"A241269","Diisobutyl phthalate",123,"117-WB"
"A241270","Diisobutyl phthalate",187,"90-WB"
"A241273","Diisobutyl phthalate",322,"166-WB"
"A241564","Diisobutyl phthalate",508,"143-WB"
"A241566","Diisobutyl phthalate",10000,"109-WB"
"A241568","Diisobutyl phthalate",1150,"174-WB"
"A241571","Diisobutyl phthalate",1900,"103-WB"
"A241572","Diisobutyl phthalate",714,"91-WB"
"A241574","Diisobutyl phthalate",95.7,"88-WB"
"A241576","Diisobutyl phthalate",271,"175-WB"
"A241579","Diisobutyl phthalate",3500,"92-WB"
"A241580","Diisobutyl phthalate",2450,"24-WB"
"A241583","Diisobutyl phthalate",147,"176-WB"
"A241585","Diisobutyl phthalate",58,"101-WB"
"A241587","Diisobutyl phthalate",1220,"121-WB"
"A241589","Diisobutyl phthalate",173,"158-WB"
"A241591","Diisobutyl phthalate",2840,"146-WB"
"A241592","Diisobutyl phthalate",6340,"189-WB"
"A241594","Diisobutyl phthalate",729,"32-WB"
"A241596","Diisobutyl phthalate",15300,"141-WB"
"A241599","Diisobutyl phthalate",889,"159-WB"
"A241601","Diisobutyl phthalate",598,"160-WB"
"A241603","Diisobutyl phthalate",2710,"38-WB"
"A241604","Diisobutyl phthalate",602,"245-WB"
"A241606","Diisobutyl phthalate",1430,"299-WB"
"A241609","Diisobutyl phthalate",2070,"298-WB"
"A241613","Diisobutyl phthalate",289,"272-WB"
"A241615","Diisobutyl phthalate",406,"306-WB"
"A241616","Diisobutyl phthalate",141,"307-WB"
"A241618","Diisobutyl phthalate",835,"250-WB"
"A241621","Diisobutyl phthalate",271,"348-WB"
"A241622","Diisobutyl phthalate",587,"205-WB"
"A241624","Diisobutyl phthalate",369,"197-WB"
"A241627","Diisobutyl phthalate",209,"321-WB"
"A241629","Diisobutyl phthalate",648,"324-WB"
"A241631","Diisobutyl phthalate",398,"290-WB"
"A241633","Diisobutyl phthalate",209,"246-WB"
"A241139","Tonalide",0.63,"82-WB"
"A241140","Tonalide",92.6,"67-WB"
"A241144","Tonalide",61.4,"65-WB"
"A241149","Tonalide",1.13,"40-WB"
"A241156","Tonalide",72.2,"26-WB"
"A241161","Tonalide",191,"85-WB"
"A241164","Tonalide",6.55,"42-WB"
"A241166","Tonalide",36.9,"57-WB"
"A241181","Tonalide",1.14,"27-WB"
"A241182","Tonalide",46,"106-WB"
"A241186","Tonalide",23.5,"52-WB"
"A241188","Tonalide",3.43,"122-WB"
"A241192","Tonalide",28.9,"124-WB"
"A241196","Tonalide",27,"134-WB"
"A241201","Tonalide",56,"147-WB"
"A241209","Tonalide",83.4,"190-WB"
"A241215","Tonalide",30.8,"75-WB"
"A241219","Tonalide",17,"53-WB"
"A241221","Tonalide",35.4,"140-WB"
"A241222","Tonalide",21,"123-WB"
"A241229","Tonalide",202,"130-WB"
"A241230","Tonalide",37.6,"145-WB"
"A241232","Tonalide",316,"68-WB"
"A241235","Tonalide",25.8,"150-WB"
"A241238","Tonalide",101,"168-WB"
"A241248","Tonalide",8.31,"104-WB"
"A241259","Tonalide",4170,"154-WB"
"A241260","Tonalide",13.9,"144-WB"
"A241263","Tonalide",254,"165-WB"
"A241264","Tonalide",9.33,"105-WB"
"A241266","Tonalide",1.99,"188-WB"
"A241269","Tonalide",17.8,"117-WB"
"A241273","Tonalide",2.05,"166-WB"
"A241566","Tonalide",0.9,"109-WB"
"A241571","Tonalide",15,"103-WB"
"A241576","Tonalide",8.49,"175-WB"
"A241589","Tonalide",5.78,"158-WB"
"A241591","Tonalide",29.7,"146-WB"
"A241592","Tonalide",72.8,"189-WB"
"A241596","Tonalide",62.8,"141-WB"
"A241599","Tonalide",4.98,"159-WB"
"A241601","Tonalide",15.8,"160-WB"
"A241615","Tonalide",31.6,"306-WB"
"A241616","Tonalide",27.1,"307-WB"
"A241618","Tonalide",427,"250-WB"
"A241631","Tonalide",24.3,"290-WB"
"A241633","Tonalide",20.9,"246-WB"
"A241192","Triclosan",25.3,"124-WB"
"A241133","Di-n-hexyl phthalate",406,"25-WB"
"A241629","Di-n-hexyl phthalate",87.8,"324-WB"
"A241149","Tris(2-butoxyethyl) phosphate",60.5,"40-WB"
"A241155","Tris(2-butoxyethyl) phosphate",1080,"72-WB"
"A241196","Tris(2-butoxyethyl) phosphate",617,"134-WB"
"A241232","Tris(2-butoxyethyl) phosphate",1990,"68-WB"
"A241238","Tris(2-butoxyethyl) phosphate",287,"168-WB"
"A241246","Tris(2-butoxyethyl) phosphate",280,"54-WB"
"A241264","Tris(2-butoxyethyl) phosphate",356,"105-WB"
"A241273","Tris(2-butoxyethyl) phosphate",161,"166-WB"
"A241572","Tris(2-butoxyethyl) phosphate",3280,"91-WB"
"A241592","Tris(2-butoxyethyl) phosphate",709,"189-WB"
"A241599","Tris(2-butoxyethyl) phosphate",276,"159-WB"
"A241606","Pyriproxyfen",154,"299-WB"
"A241609","Pyriproxyfen",76.3,"298-WB"
"A241613","Pyriproxyfen",72.2,"272-WB"
"A241232","Tricresylphosphate, meta-",22.1,"68-WB"
"A241232","Ethofenprox",316,"68-WB"
"A241149","Di-n-nonyl phthalate",44.1,"40-WB"
"A241153","Di-n-nonyl phthalate",38.9,"29-WB"
"A241161","Di-n-nonyl phthalate",270,"85-WB"
"A241164","Di-n-nonyl phthalate",103,"42-WB"
"A241170","Di-n-nonyl phthalate",27.1,"36-WB"
"A241182","Di-n-nonyl phthalate",502,"106-WB"
"A241184","Di-n-nonyl phthalate",1330,"96-WB"
"A241186","Di-n-nonyl phthalate",283,"52-WB"
"A241196","Di-n-nonyl phthalate",347,"134-WB"
"A241217","Di-n-nonyl phthalate",138,"191-WB"
"A241236","Di-n-nonyl phthalate",101,"157-WB"
"A241241","Di-n-nonyl phthalate",71.4,"80-WB"
"A241253","Di-n-nonyl phthalate",100,"131-WB"
"A241254","Di-n-nonyl phthalate",36,"51-WB"
"A241266","Di-n-nonyl phthalate",181,"188-WB"
"A241270","Di-n-nonyl phthalate",214,"90-WB"
"A241273","Di-n-nonyl phthalate",54.2,"166-WB"
"A241564","Di-n-nonyl phthalate",169,"143-WB"
"A241566","Di-n-nonyl phthalate",81.3,"109-WB"
"A241571","Di-n-nonyl phthalate",126,"103-WB"
"A241579","Di-n-nonyl phthalate",112,"92-WB"
"A241580","Di-n-nonyl phthalate",42.5,"24-WB"
"A241583","Di-n-nonyl phthalate",204,"176-WB"
"A241585","Di-n-nonyl phthalate",67.1,"101-WB"
"A241591","Di-n-nonyl phthalate",662,"146-WB"
"A241592","Di-n-nonyl phthalate",1640,"189-WB"
"A241603","Di-n-nonyl phthalate",140,"38-WB"
"A241615","Di-n-nonyl phthalate",167,"306-WB"
"A241587","Benzo(a)pyrene-7,8-dione",44.3,"121-WB"
"A241151","Methoprene II",1300,"56-WB"
"A241149","Permethrin II",74.4,"40-WB"
"A241186","Permethrin II",27.4,"52-WB"
"A241188","Permethrin II",75.8,"122-WB"
"A241229","Permethrin II",23.9,"130-WB"
"A241246","Permethrin II",41,"54-WB"
"A241250","Permethrin II",66.1,"100-WB"
"A241564","Permethrin II",55,"143-WB"
"A241589","Permethrin II",253,"158-WB"
"A241601","Permethrin II",74.5,"160-WB"
"A241613","Permethrin II",5240,"272-WB"
"A241585","2-Methyl-9,10-anthraquinone",70.2,"101-WB"
"A241273","Cyfluthrin II",144,"166-WB"
"A241133","TCPP",45.1,"25-WB"
"A241134","TCPP",44,"31-WB"
"A241140","TCPP",133,"67-WB"
"A241142","TCPP",73.4,"62-WB"
"A241144","TCPP",199,"65-WB"
"A241147","TCPP",94.3,"74-WB"
"A241153","TCPP",90.7,"29-WB"
"A241155","TCPP",443,"72-WB"
"A241158","TCPP",49.9,"73-WB"
"A241161","TCPP",223,"85-WB"
"A241164","TCPP",172,"42-WB"
"A241168","TCPP",58.7,"63-WB"
"A241173","TCPP",677,"64-WB"
"A241177","TCPP",50.4,"34-WB"
"A241181","TCPP",34.1,"27-WB"
"A241186","TCPP",53.7,"52-WB"
"A241188","TCPP",47,"122-WB"
"A241192","TCPP",307,"124-WB"
"A241203","TCPP",240,"173-WB"
"A241207","TCPP",54.2,"132-WB"
"A241217","TCPP",152,"191-WB"
"A241219","TCPP",133,"53-WB"
"A241221","TCPP",175,"140-WB"
"A241222","TCPP",45.5,"123-WB"
"A241229","TCPP",52.1,"130-WB"
"A241230","TCPP",105,"145-WB"
"A241232","TCPP",183,"68-WB"
"A241235","TCPP",24.2,"150-WB"
"A241236","TCPP",94.6,"157-WB"
"A241246","TCPP",20.5,"54-WB"
"A241250","TCPP",108,"100-WB"
"A241253","TCPP",170,"131-WB"
"A241254","TCPP",28,"51-WB"
"A241259","TCPP",112,"154-WB"
"A241260","TCPP",77.3,"144-WB"
"A241264","TCPP",134,"105-WB"
"A241269","TCPP",25.2,"117-WB"
"A241273","TCPP",74.8,"166-WB"
"A241566","TCPP",211,"109-WB"
"A241568","TCPP",87.3,"174-WB"
"A241572","TCPP",44.4,"91-WB"
"A241574","TCPP",63.2,"88-WB"
"A241576","TCPP",47,"175-WB"
"A241579","TCPP",170,"92-WB"
"A241583","TCPP",39.2,"176-WB"
"A241585","TCPP",48.8,"101-WB"
"A241587","TCPP",66.4,"121-WB"
"A241589","TCPP",23.5,"158-WB"
"A241591","TCPP",243,"146-WB"
"A241592","TCPP",336,"189-WB"
"A241594","TCPP",712,"32-WB"
"A241596","TCPP",1390,"141-WB"
"A241599","TCPP",418,"159-WB"
"A241601","TCPP",71.1,"160-WB"
"A241603","TCPP",99.3,"38-WB"
"A241604","TCPP",435,"245-WB"
"A241606","TCPP",175,"299-WB"
"A241609","TCPP",175,"298-WB"
"A241618","TCPP",108,"250-WB"
"A241621","TCPP",722,"348-WB"
"A241624","TCPP",109,"197-WB"
"A241627","TCPP",121,"321-WB"
"A241629","TCPP",115,"324-WB"
"A241631","TCPP",19,"290-WB"
"A241198","4-Chlorophenol",27.1,"33-WB"
"A241219","4-Chlorophenol",11.4,"53-WB"
"A241618","4-Chlorophenol",23.1,"250-WB"
"A241134","Galaxolide",51.4,"31-WB"
"A241137","Galaxolide",108,"45-WB"
"A241139","Galaxolide",23,"82-WB"
"A241140","Galaxolide",1150,"67-WB"
"A241142","Galaxolide",844,"62-WB"
"A241144","Galaxolide",217,"65-WB"
"A241147","Galaxolide",29.4,"74-WB"
"A241149","Galaxolide",65.6,"40-WB"
"A241151","Galaxolide",188,"56-WB"
"A241155","Galaxolide",175,"72-WB"
"A241156","Galaxolide",406,"26-WB"
"A241158","Galaxolide",28,"73-WB"
"A241161","Galaxolide",636,"85-WB"
"A241163","Galaxolide",86.6,"60-WB"
"A241164","Galaxolide",1720,"42-WB"
"A241166","Galaxolide",205,"57-WB"
"A241168","Galaxolide",208,"63-WB"
"A241173","Galaxolide",51.3,"64-WB"
"A241179","Galaxolide",12.7,"76-WB"
"A241181","Galaxolide",190,"27-WB"
"A241182","Galaxolide",5430,"106-WB"
"A241184","Galaxolide",1110,"96-WB"
"A241186","Galaxolide",244,"52-WB"
"A241188","Galaxolide",623,"122-WB"
"A241191","Galaxolide",722,"161-WB"
"A241192","Galaxolide",175,"124-WB"
"A241194","Galaxolide",1050,"169-WB"
"A241196","Galaxolide",598,"134-WB"
"A241198","Galaxolide",3160,"33-WB"
"A241201","Galaxolide",4070,"147-WB"
"A241203","Galaxolide",136,"173-WB"
"A241205","Galaxolide",243,"135-WB"
"A241207","Galaxolide",161,"132-WB"
"A241209","Galaxolide",262,"190-WB"
"A241211","Galaxolide",88.3,"119-WB"
"A241213","Galaxolide",1060,"156-WB"
"A241215","Galaxolide",205,"75-WB"
"A241217","Galaxolide",7000,"191-WB"
"A241219","Galaxolide",102,"53-WB"
"A241221","Galaxolide",952,"140-WB"
"A241222","Galaxolide",33.2,"123-WB"
"A241224","Galaxolide",474,"167-WB"
"A241229","Galaxolide",586,"130-WB"
"A241230","Galaxolide",238,"145-WB"
"A241232","Galaxolide",1260,"68-WB"
"A241235","Galaxolide",1000,"150-WB"
"A241236","Galaxolide",36.5,"157-WB"
"A241238","Galaxolide",1350,"168-WB"
"A241242","Galaxolide",80.3,"102-WB"
"A241246","Galaxolide",33.6,"54-WB"
"A241248","Galaxolide",138,"104-WB"
"A241253","Galaxolide",21.2,"131-WB"
"A241259","Galaxolide",10600,"154-WB"
"A241260","Galaxolide",263,"144-WB"
"A241263","Galaxolide",10000,"165-WB"
"A241264","Galaxolide",170,"105-WB"
"A241266","Galaxolide",163,"188-WB"
"A241269","Galaxolide",135,"117-WB"
"A241273","Galaxolide",220,"166-WB"
"A241564","Galaxolide",198,"143-WB"
"A241566","Galaxolide",622,"109-WB"
"A241571","Galaxolide",362,"103-WB"
"A241572","Galaxolide",19.3,"91-WB"
"A241574","Galaxolide",12.8,"88-WB"
"A241576","Galaxolide",253,"175-WB"
"A241579","Galaxolide",7,"92-WB"
"A241580","Galaxolide",21.3,"24-WB"
"A241583","Galaxolide",47,"176-WB"
"A241585","Galaxolide",15.3,"101-WB"
"A241587","Galaxolide",117,"121-WB"
"A241589","Galaxolide",217,"158-WB"
"A241591","Galaxolide",716,"146-WB"
"A241592","Galaxolide",6160,"189-WB"
"A241596","Galaxolide",216,"141-WB"
"A241599","Galaxolide",693,"159-WB"
"A241601","Galaxolide",3160,"160-WB"
"A241603","Galaxolide",210,"38-WB"
"A241604","Galaxolide",12000,"245-WB"
"A241606","Galaxolide",15.9,"299-WB"
"A241609","Galaxolide",65.2,"298-WB"
"A241613","Galaxolide",8.67,"272-WB"
"A241615","Galaxolide",474,"306-WB"
"A241616","Galaxolide",155,"307-WB"
"A241618","Galaxolide",17600,"250-WB"
"A241621","Galaxolide",47.4,"348-WB"
"A241622","Galaxolide",51.9,"205-WB"
"A241624","Galaxolide",54.3,"197-WB"
"A241627","Galaxolide",293,"321-WB"
"A241629","Galaxolide",56.4,"324-WB"
"A241631","Galaxolide",509,"290-WB"
"A241633","Galaxolide",690,"246-WB"
"A241133","Ethylene brassylate (Musk NN)",196,"25-WB"
"A241137","Ethylene brassylate (Musk NN)",124,"45-WB"
"A241139","Ethylene brassylate (Musk NN)",1440,"82-WB"
"A241142","Ethylene brassylate (Musk NN)",1600,"62-WB"
"A241144","Ethylene brassylate (Musk NN)",939,"65-WB"
"A241156","Ethylene brassylate (Musk NN)",1630,"26-WB"
"A241161","Ethylene brassylate (Musk NN)",2230,"85-WB"
"A241163","Ethylene brassylate (Musk NN)",464,"60-WB"
"A241164","Ethylene brassylate (Musk NN)",81,"42-WB"
"A241166","Ethylene brassylate (Musk NN)",92.3,"57-WB"
"A241173","Ethylene brassylate (Musk NN)",49.3,"64-WB"
"A241181","Ethylene brassylate (Musk NN)",531,"27-WB"
"A241182","Ethylene brassylate (Musk NN)",2510,"106-WB"
"A241184","Ethylene brassylate (Musk NN)",2430,"96-WB"
"A241188","Ethylene brassylate (Musk NN)",199,"122-WB"
"A241191","Ethylene brassylate (Musk NN)",993,"161-WB"
"A241192","Ethylene brassylate (Musk NN)",289,"124-WB"
"A241194","Ethylene brassylate (Musk NN)",272,"169-WB"
"A241196","Ethylene brassylate (Musk NN)",656,"134-WB"
"A241198","Ethylene brassylate (Musk NN)",519,"33-WB"
"A241201","Ethylene brassylate (Musk NN)",33900,"147-WB"
"A241203","Ethylene brassylate (Musk NN)",260,"173-WB"
"A241205","Ethylene brassylate (Musk NN)",1080,"135-WB"
"A241207","Ethylene brassylate (Musk NN)",1160,"132-WB"
"A241213","Ethylene brassylate (Musk NN)",700,"156-WB"
"A241215","Ethylene brassylate (Musk NN)",6570,"75-WB"
"A241217","Ethylene brassylate (Musk NN)",131000,"191-WB"
"A241219","Ethylene brassylate (Musk NN)",106,"53-WB"
"A241224","Ethylene brassylate (Musk NN)",4580,"167-WB"
"A241229","Ethylene brassylate (Musk NN)",260,"130-WB"
"A241230","Ethylene brassylate (Musk NN)",143,"145-WB"
"A241232","Ethylene brassylate (Musk NN)",519,"68-WB"
"A241235","Ethylene brassylate (Musk NN)",8870,"150-WB"
"A241236","Ethylene brassylate (Musk NN)",774,"157-WB"
"A241238","Ethylene brassylate (Musk NN)",1760,"168-WB"
"A241242","Ethylene brassylate (Musk NN)",845,"102-WB"
"A241245","Ethylene brassylate (Musk NN)",22,"180-WB"
"A241246","Ethylene brassylate (Musk NN)",35.4,"54-WB"
"A241248","Ethylene brassylate (Musk NN)",623,"104-WB"
"A241259","Ethylene brassylate (Musk NN)",4170,"154-WB"
"A241260","Ethylene brassylate (Musk NN)",371,"144-WB"
"A241263","Ethylene brassylate (Musk NN)",2540,"165-WB"
"A241264","Ethylene brassylate (Musk NN)",458,"105-WB"
"A241266","Ethylene brassylate (Musk NN)",139,"188-WB"
"A241269","Ethylene brassylate (Musk NN)",105,"117-WB"
"A241273","Ethylene brassylate (Musk NN)",191,"166-WB"
"A241564","Ethylene brassylate (Musk NN)",119,"143-WB"
"A241566","Ethylene brassylate (Musk NN)",140,"109-WB"
"A241572","Ethylene brassylate (Musk NN)",1930,"91-WB"
"A241574","Ethylene brassylate (Musk NN)",50.6,"88-WB"
"A241576","Ethylene brassylate (Musk NN)",148,"175-WB"
"A241579","Ethylene brassylate (Musk NN)",31.5,"92-WB"
"A241583","Ethylene brassylate (Musk NN)",157,"176-WB"
"A241587","Ethylene brassylate (Musk NN)",159,"121-WB"
"A241589","Ethylene brassylate (Musk NN)",506,"158-WB"
"A241591","Ethylene brassylate (Musk NN)",87.9,"146-WB"
"A241592","Ethylene brassylate (Musk NN)",1230,"189-WB"
"A241596","Ethylene brassylate (Musk NN)",3140,"141-WB"
"A241599","Ethylene brassylate (Musk NN)",2840,"159-WB"
"A241601","Ethylene brassylate (Musk NN)",327,"160-WB"
"A241604","Ethylene brassylate (Musk NN)",318,"245-WB"
"A241609","Ethylene brassylate (Musk NN)",47.7,"298-WB"
"A241613","Ethylene brassylate (Musk NN)",103,"272-WB"
"A241615","Ethylene brassylate (Musk NN)",655,"306-WB"
"A241616","Ethylene brassylate (Musk NN)",148,"307-WB"
"A241618","Ethylene brassylate (Musk NN)",6580,"250-WB"
"A241621","Ethylene brassylate (Musk NN)",63.2,"348-WB"
"A241622","Ethylene brassylate (Musk NN)",655,"205-WB"
"A241624","Ethylene brassylate (Musk NN)",78.1,"197-WB"
"A241627","Ethylene brassylate (Musk NN)",83.6,"321-WB"
"A241631","Ethylene brassylate (Musk NN)",686,"290-WB"
"A241633","Ethylene brassylate (Musk NN)",33.4,"246-WB"
"A241144","Linalool",199,"65-WB"
"A241151","Linalool",71.9,"56-WB"
"A241155","Linalool",70.8,"72-WB"
"A241156","Linalool",54.2,"26-WB"
"A241181","Linalool",30.4,"27-WB"
"A241191","Linalool",212,"161-WB"
"A241192","Linalool",32.5,"124-WB"
"A241198","Linalool",72.2,"33-WB"
"A241238","Linalool",903,"168-WB"
"A241253","Linalool",34.7,"131-WB"
"A241263","Linalool",270,"165-WB"
"A241264","Linalool",161,"105-WB"
"A241273","Linalool",29.3,"166-WB"
"A241566","Linalool",46.1,"109-WB"
"A241576","Linalool",63.2,"175-WB"
"A241579","Linalool",21,"92-WB"
"A241596","Linalool",33.4,"141-WB"
"A241601","Linalool",106,"160-WB"
"A241618","Linalool",107,"250-WB"
"A241622","Linalool",587,"205-WB"
"A241624","Linalool",21.1,"197-WB"
"A241631","Linalool",46.5,"290-WB"
"A241156","B-citronellol",226,"26-WB"
"A241161","B-citronellol",149,"85-WB"
"A241163","B-citronellol",41.5,"60-WB"
"A241179","B-citronellol",34.7,"76-WB"
"A241248","B-citronellol",38.8,"104-WB"
"A241253","B-citronellol",25.1,"131-WB"
"A241263","B-citronellol",238,"165-WB"
"A241568","B-citronellol",20.7,"174-WB"
"A241571","B-citronellol",82.7,"103-WB"
"A241616","B-citronellol",65,"307-WB"
"A241629","B-citronellol",58.5,"324-WB"
"A241140","Coumarin",185,"67-WB"
"A241161","Coumarin",102,"85-WB"
"A241182","Coumarin",66.9,"106-WB"
"A241191","Coumarin",99.3,"161-WB"
"A241213","Coumarin",124,"156-WB"
"A241219","Coumarin",42.4,"53-WB"
"A241229","Coumarin",34.7,"130-WB"
"A241232","Coumarin",65.5,"68-WB"
"A241259","Coumarin",455,"154-WB"
"A241263","Coumarin",159,"165-WB"
"A241269","Coumarin",22.3,"117-WB"
"A241568","Coumarin",27.7,"174-WB"
"A241571","Coumarin",56.9,"103-WB"
"A241583","Coumarin",9.09,"176-WB"
"A241604","Coumarin",334,"245-WB"
"A241618","Coumarin",213,"250-WB"
"A241631","Coumarin",26.6,"290-WB"
"A241633","Coumarin",25.1,"246-WB"
"A241622","Farnesol I",1220,"205-WB"
"A241629","Farnesol I",376,"324-WB"
"A241139","Citral A",10.2,"82-WB"
"A241144","Citral A",54.2,"65-WB"
"A241181","Citral A",45.5,"27-WB"
"A241186","Citral A",71.3,"52-WB"
"A241209","Citral A",86.7,"190-WB"
"A241215","Citral A",82.1,"75-WB"
"A241219","Citral A",73.3,"53-WB"
"A241230","Citral A",91.1,"145-WB"
"A241238","Citral A",328,"168-WB"
"A241254","Citral A",61.9,"51-WB"
"A241161","Anisyl alcohol",28.6,"85-WB"
"A241230","Benzyl cinnamate",317,"145-WB"
"A241604","Benzyl cinnamate",63.5,"245-WB"
"A241618","Benzyl cinnamate",164,"250-WB"
"A241156","Amyl cinnamal",36.1,"26-WB"
"A241164","Amyl cinnamal",36.2,"42-WB"
"A241198","Amyl cinnamal",587,"33-WB"
"A241209","Amyl cinnamal",21.3,"190-WB"
"A241213","Amyl cinnamal",160,"156-WB"
"A241229","Amyl cinnamal",43.4,"130-WB"
"A241232","Amyl cinnamal",361,"68-WB"
"A241269","Amyl cinnamal",17.8,"117-WB"
"A241566","Amyl cinnamal",22.1,"109-WB"
"A241599","Amyl cinnamal",80,"159-WB"
"A241601","Amyl cinnamal",113,"160-WB"
"A241140","B-Ionone",74.5,"67-WB"
"A241144","B-Ionone",39.7,"65-WB"
"A241161","B-Ionone",223,"85-WB"
"A241181","B-Ionone",41.7,"27-WB"
"A241182","B-Ionone",314,"106-WB"
"A241194","B-Ionone",61.1,"169-WB"
"A241196","B-Ionone",714,"134-WB"
"A241198","B-Ionone",144,"33-WB"
"A241201","B-Ionone",187,"147-WB"
"A241217","B-Ionone",98,"191-WB"
"A241232","B-Ionone",60.9,"68-WB"
"A241238","B-Ionone",2870,"168-WB"
"A241259","B-Ionone",85.4,"154-WB"
"A241263","B-Ionone",270,"165-WB"
"A241571","B-Ionone",20.7,"103-WB"
"A241576","B-Ionone",21.7,"175-WB"
"A241583","B-Ionone",37.6,"176-WB"
"A241591","B-Ionone",67.6,"146-WB"
"A241592","B-Ionone",116,"189-WB"
"A241599","B-Ionone",69.3,"159-WB"
"A241601","B-Ionone",74.5,"160-WB"
"A241631","B-Ionone",153,"290-WB"
"A241633","B-Ionone",100,"246-WB"
"A241144","A-Ionone",83.1,"65-WB"
"A241191","A-Ionone",316,"161-WB"
"A241238","A-Ionone",63.6,"168-WB"
"A241574","A-Ionone",8.31,"88-WB"
"A241161","Geraniol",223,"85-WB"
"A241133","Benzyl salicylate",248,"25-WB"
"A241134","Benzyl salicylate",202,"31-WB"
"A241139","Benzyl salicylate",62.7,"82-WB"
"A241140","Benzyl salicylate",1020,"67-WB"
"A241142","Benzyl salicylate",440,"62-WB"
"A241144","Benzyl salicylate",2890,"65-WB"
"A241147","Benzyl salicylate",11.4,"74-WB"
"A241149","Benzyl salicylate",30.3,"40-WB"
"A241151","Benzyl salicylate",106,"56-WB"
"A241155","Benzyl salicylate",90.7,"72-WB"
"A241156","Benzyl salicylate",2710,"26-WB"
"A241158","Benzyl salicylate",47.9,"73-WB"
"A241161","Benzyl salicylate",588,"85-WB"
"A241163","Benzyl salicylate",244,"60-WB"
"A241164","Benzyl salicylate",896,"42-WB"
"A241166","Benzyl salicylate",205,"57-WB"
"A241168","Benzyl salicylate",339,"63-WB"
"A241170","Benzyl salicylate",31.6,"36-WB"
"A241173","Benzyl salicylate",61.6,"64-WB"
"A241177","Benzyl salicylate",7.52,"34-WB"
"A241181","Benzyl salicylate",3980,"27-WB"
"A241182","Benzyl salicylate",1920,"106-WB"
"A241186","Benzyl salicylate",107,"52-WB"
"A241188","Benzyl salicylate",677,"122-WB"
"A241191","Benzyl salicylate",361,"161-WB"
"A241192","Benzyl salicylate",14.3,"124-WB"
"A241194","Benzyl salicylate",849,"169-WB"
"A241196","Benzyl salicylate",1200,"134-WB"
"A241198","Benzyl salicylate",1060,"33-WB"
"A241201","Benzyl salicylate",967,"147-WB"
"A241203","Benzyl salicylate",95.9,"173-WB"
"A241207","Benzyl salicylate",361,"132-WB"
"A241209","Benzyl salicylate",180,"190-WB"
"A241213","Benzyl salicylate",2080,"156-WB"
"A241215","Benzyl salicylate",4720,"75-WB"
"A241217","Benzyl salicylate",1220,"191-WB"
"A241219","Benzyl salicylate",19.3,"53-WB"
"A241221","Benzyl salicylate",16.4,"140-WB"
"A241222","Benzyl salicylate",47.2,"123-WB"
"A241224","Benzyl salicylate",80.2,"167-WB"
"A241229","Benzyl salicylate",239,"130-WB"
"A241230","Benzyl salicylate",160,"145-WB"
"A241232","Benzyl salicylate",271,"68-WB"
"A241235","Benzyl salicylate",3220,"150-WB"
"A241236","Benzyl salicylate",301,"157-WB"
"A241238","Benzyl salicylate",923,"168-WB"
"A241242","Benzyl salicylate",152,"102-WB"
"A241245","Benzyl salicylate",77.7,"180-WB"
"A241246","Benzyl salicylate",17.2,"54-WB"
"A241248","Benzyl salicylate",263,"104-WB"
"A241256","Benzyl salicylate",96.7,"179-WB"
"A241259","Benzyl salicylate",948,"154-WB"
"A241260","Benzyl salicylate",309,"144-WB"
"A241263","Benzyl salicylate",11300,"165-WB"
"A241264","Benzyl salicylate",170,"105-WB"
"A241266","Benzyl salicylate",397,"188-WB"
"A241269","Benzyl salicylate",193,"117-WB"
"A241270","Benzyl salicylate",18.3,"90-WB"
"A241273","Benzyl salicylate",86.5,"166-WB"
"A241564","Benzyl salicylate",212,"143-WB"
"A241566","Benzyl salicylate",903,"109-WB"
"A241568","Benzyl salicylate",119,"174-WB"
"A241571","Benzyl salicylate",293,"103-WB"
"A241572","Benzyl salicylate",145,"91-WB"
"A241576","Benzyl salicylate",560,"175-WB"
"A241579","Benzyl salicylate",40.2,"92-WB"
"A241583","Benzyl salicylate",81.5,"176-WB"
"A241585","Benzyl salicylate",16.8,"101-WB"
"A241587","Benzyl salicylate",199,"121-WB"
"A241589","Benzyl salicylate",253,"158-WB"
"A241591","Benzyl salicylate",1890,"146-WB"
"A241592","Benzyl salicylate",1720,"189-WB"
"A241596","Benzyl salicylate",2160,"141-WB"
"A241599","Benzyl salicylate",782,"159-WB"
"A241601","Benzyl salicylate",6210,"160-WB"
"A241603","Benzyl salicylate",212,"38-WB"
"A241604","Benzyl salicylate",30100,"245-WB"
"A241609","Benzyl salicylate",84.3,"298-WB"
"A241613","Benzyl salicylate",77.7,"272-WB"
"A241615","Benzyl salicylate",2930,"306-WB"
"A241616","Benzyl salicylate",957,"307-WB"
"A241618","Benzyl salicylate",6220,"250-WB"
"A241622","Benzyl salicylate",3160,"205-WB"
"A241629","Benzyl salicylate",18.8,"324-WB"
"A241631","Benzyl salicylate",376,"290-WB"
"A241633","Benzyl salicylate",1480,"246-WB"
"A241188","Hydroxy-citronellal",35.2,"122-WB"
"A241604","Hydroxy-citronellal",234,"245-WB"
"A241618","Hydroxy-citronellal",1560,"250-WB"
"A241140","Cinnamal",31.6,"67-WB"
"A241155","Cinnamal",22.1,"72-WB"
"A241191","Cinnamal",24.8,"161-WB"
"A241196","Cinnamal",17.2,"134-WB"
"A241209","Cinnamal",27.8,"190-WB"
"A241566","Cinnamal",11,"109-WB"
"A241571","Cinnamal",17.2,"103-WB"
"A241580","Cinnamal",5.4,"24-WB"
"A241583","Cinnamal",8.94,"176-WB"
"A241587","Cinnamal",14.2,"121-WB"
"A241592","Cinnamal",14.7,"189-WB"
"A241594","Cinnamal",16.8,"32-WB"
"A241596","Cinnamal",96.2,"141-WB"
"A241599","Cinnamal",18.7,"159-WB"
"A241601","Cinnamal",6.09,"160-WB"
"A241606","Cinnamal",509,"299-WB"
"A241609","Cinnamal",636,"298-WB"
"A241616","Cinnamal",9.39,"307-WB"
"A241624","Cinnamal",60.8,"197-WB"
"A241604","Cinnamyl alcohol",51.8,"245-WB"
"A241144","Lilial",488,"65-WB"
"A241156","Lilial",106,"26-WB"
"A241161","Lilial",146,"85-WB"
"A241163","Lilial",19.5,"60-WB"
"A241164","Lilial",63.8,"42-WB"
"A241166","Lilial",205,"57-WB"
"A241181","Lilial",89.2,"27-WB"
"A241182","Lilial",157,"106-WB"
"A241184","Lilial",13.3,"96-WB"
"A241191","Lilial",33.9,"161-WB"
"A241194","Lilial",50.9,"169-WB"
"A241198","Lilial",45.1,"33-WB"
"A241201","Lilial",424,"147-WB"
"A241207","Lilial",57.8,"132-WB"
"A241209","Lilial",29.4,"190-WB"
"A241213","Lilial",60.9,"156-WB"
"A241215","Lilial",226,"75-WB"
"A241217","Lilial",245,"191-WB"
"A241229","Lilial",156,"130-WB"
"A241232","Lilial",83.5,"68-WB"
"A241242","Lilial",29.1,"102-WB"
"A241248","Lilial",34.6,"104-WB"
"A241259","Lilial",60.7,"154-WB"
"A241263","Lilial",175,"165-WB"
"A241264","Lilial",45.8,"105-WB"
"A241269","Lilial",53.5,"117-WB"
"A241273","Lilial",205,"166-WB"
"A241566","Lilial",371,"109-WB"
"A241583","Lilial",31.4,"176-WB"
"A241592","Lilial",205,"189-WB"
"A241631","Lilial",128,"290-WB"
"A241633","Lilial",460,"246-WB"
"A241624","Drometrizole",23.9,"197-WB"
"A241191","Butylated hydroxytoluene",293,"161-WB"
"A241196","Butylated hydroxytoluene",46.3,"134-WB"
"A241594","Butylated hydroxytoluene",72.9,"32-WB"
"A241596","Butylated hydroxytoluene",39.3,"141-WB"
"A241209","BisphenolAF",40.9,"190-WB"
"A241576","Indole",2.17,"175-WB"
"A241622","2-(1-Methylbutyl)phenol",40.6,"205-WB"
"A241133","2,4-Bis(alpha,alpha-dimethylbenzyl)phenol",45.1,"25-WB"
"A241134","2,4-Bis(alpha,alpha-dimethylbenzyl)phenol",8.08,"31-WB"
"A241139","2,4-Bis(alpha,alpha-dimethylbenzyl)phenol",8.99,"82-WB"
"A241151","2,4-Bis(alpha,alpha-dimethylbenzyl)phenol",63.9,"56-WB"
"A241153","2,4-Bis(alpha,alpha-dimethylbenzyl)phenol",6.85,"29-WB"
"A241155","2,4-Bis(alpha,alpha-dimethylbenzyl)phenol",15.5,"72-WB"
"A241156","2,4-Bis(alpha,alpha-dimethylbenzyl)phenol",15.6,"26-WB"
"A241168","2,4-Bis(alpha,alpha-dimethylbenzyl)phenol",40.6,"63-WB"
"A241177","2,4-Bis(alpha,alpha-dimethylbenzyl)phenol",5.64,"34-WB"
"A241179","2,4-Bis(alpha,alpha-dimethylbenzyl)phenol",9.26,"76-WB"
"A241188","2,4-Bis(alpha,alpha-dimethylbenzyl)phenol",11.7,"122-WB"
"A241192","2,4-Bis(alpha,alpha-dimethylbenzyl)phenol",14.6,"124-WB"
"A241198","2,4-Bis(alpha,alpha-dimethylbenzyl)phenol",18.7,"33-WB"
"A241201","2,4-Bis(alpha,alpha-dimethylbenzyl)phenol",11.2,"147-WB"
"A241211","2,4-Bis(alpha,alpha-dimethylbenzyl)phenol",11.6,"119-WB"
"A241221","2,4-Bis(alpha,alpha-dimethylbenzyl)phenol",7.52,"140-WB"
"A241226","2,4-Bis(alpha,alpha-dimethylbenzyl)phenol",10.6,"153-WB"
"A241229","2,4-Bis(alpha,alpha-dimethylbenzyl)phenol",18.9,"130-WB"
"A241236","2,4-Bis(alpha,alpha-dimethylbenzyl)phenol",23.6,"157-WB"
"A241245","2,4-Bis(alpha,alpha-dimethylbenzyl)phenol",4.98,"180-WB"
"A241263","2,4-Bis(alpha,alpha-dimethylbenzyl)phenol",107,"165-WB"
"A241264","2,4-Bis(alpha,alpha-dimethylbenzyl)phenol",42.4,"105-WB"
"A241270","2,4-Bis(alpha,alpha-dimethylbenzyl)phenol",21.9,"90-WB"
"A241273","2,4-Bis(alpha,alpha-dimethylbenzyl)phenol",11.7,"166-WB"
"A241599","2,4-Bis(alpha,alpha-dimethylbenzyl)phenol",17.8,"159-WB"
"A241601","2,4-Bis(alpha,alpha-dimethylbenzyl)phenol",15.8,"160-WB"
"A241133","2,4-Di-tert-butylphenol",76.7,"25-WB"
"A241134","2,4-Di-tert-butylphenol",56.9,"31-WB"
"A241137","2,4-Di-tert-butylphenol",133,"45-WB"
"A241139","2,4-Di-tert-butylphenol",96.1,"82-WB"
"A241140","2,4-Di-tert-butylphenol",176,"67-WB"
"A241142","2,4-Di-tert-butylphenol",97.3,"62-WB"
"A241144","2,4-Di-tert-butylphenol",110,"65-WB"
"A241147","2,4-Di-tert-butylphenol",92.8,"74-WB"
"A241149","2,4-Di-tert-butylphenol",44.1,"40-WB"
"A241153","2,4-Di-tert-butylphenol",24.1,"29-WB"
"A241155","2,4-Di-tert-butylphenol",122,"72-WB"
"A241156","2,4-Di-tert-butylphenol",108,"26-WB"
"A241161","2,4-Di-tert-butylphenol",2.07,"85-WB"
"A241163","2,4-Di-tert-butylphenol",31.7,"60-WB"
"A241164","2,4-Di-tert-butylphenol",43.1,"42-WB"
"A241168","2,4-Di-tert-butylphenol",90.3,"63-WB"
"A241170","2,4-Di-tert-butylphenol",7.37,"36-WB"
"A241173","2,4-Di-tert-butylphenol",98.5,"64-WB"
"A241175","2,4-Di-tert-butylphenol",176,"48-WB"
"A241177","2,4-Di-tert-butylphenol",27.8,"34-WB"
"A241179","2,4-Di-tert-butylphenol",75.2,"76-WB"
"A241181","2,4-Di-tert-butylphenol",135,"27-WB"
"A241182","2,4-Di-tert-butylphenol",150,"106-WB"
"A241184","2,4-Di-tert-butylphenol",65.3,"96-WB"
"A241186","2,4-Di-tert-butylphenol",91.9,"52-WB"
"A241188","2,4-Di-tert-butylphenol",14.4,"122-WB"
"A241191","2,4-Di-tert-butylphenol",0.45,"161-WB"
"A241192","2,4-Di-tert-butylphenol",65,"124-WB"
"A241194","2,4-Di-tert-butylphenol",32.2,"169-WB"
"A241196","2,4-Di-tert-butylphenol",139,"134-WB"
"A241198","2,4-Di-tert-butylphenol",20.3,"33-WB"
"A241201","2,4-Di-tert-butylphenol",45.8,"147-WB"
"A241203","2,4-Di-tert-butylphenol",14.2,"173-WB"
"A241205","2,4-Di-tert-butylphenol",18.9,"135-WB"
"A241207","2,4-Di-tert-butylphenol",12.3,"132-WB"
"A241209","2,4-Di-tert-butylphenol",45.8,"190-WB"
"A241211","2,4-Di-tert-butylphenol",36,"119-WB"
"A241213","2,4-Di-tert-butylphenol",70,"156-WB"
"A241215","2,4-Di-tert-butylphenol",57.5,"75-WB"
"A241217","2,4-Di-tert-butylphenol",64.7,"191-WB"
"A241219","2,4-Di-tert-butylphenol",125,"53-WB"
"A241221","2,4-Di-tert-butylphenol",55.3,"140-WB"
"A241222","2,4-Di-tert-butylphenol",42,"123-WB"
"A241224","2,4-Di-tert-butylphenol",4.91,"167-WB"
"A241229","2,4-Di-tert-butylphenol",0.65,"130-WB"
"A241230","2,4-Di-tert-butylphenol",27.7,"145-WB"
"A241232","2,4-Di-tert-butylphenol",142,"68-WB"
"A241235","2,4-Di-tert-butylphenol",32.2,"150-WB"
"A241236","2,4-Di-tert-butylphenol",9.46,"157-WB"
"A241238","2,4-Di-tert-butylphenol",41,"168-WB"
"A241241","2,4-Di-tert-butylphenol",5.76,"80-WB"
"A241242","2,4-Di-tert-butylphenol",4.29,"102-WB"
"A241245","2,4-Di-tert-butylphenol",8.5,"180-WB"
"A241246","2,4-Di-tert-butylphenol",76.5,"54-WB"
"A241248","2,4-Di-tert-butylphenol",16.6,"104-WB"
"A241250","2,4-Di-tert-butylphenol",14.8,"100-WB"
"A241253","2,4-Di-tert-butylphenol",21.2,"131-WB"
"A241254","2,4-Di-tert-butylphenol",43.9,"51-WB"
"A241256","2,4-Di-tert-butylphenol",20.5,"179-WB"
"A241259","2,4-Di-tert-butylphenol",75.9,"154-WB"
"A241260","2,4-Di-tert-butylphenol",34.8,"144-WB"
"A241263","2,4-Di-tert-butylphenol",22.3,"165-WB"
"A241264","2,4-Di-tert-butylphenol",22.1,"105-WB"
"A241269","2,4-Di-tert-butylphenol",4.31,"117-WB"
"A241564","2,4-Di-tert-butylphenol",15.5,"143-WB"
"A241566","2,4-Di-tert-butylphenol",6.42,"109-WB"
"A241587","2,4-Di-tert-butylphenol",186,"121-WB"
"A241589","2,4-Di-tert-butylphenol",1.99,"158-WB"
"A241591","2,4-Di-tert-butylphenol",176,"146-WB"
"A241592","2,4-Di-tert-butylphenol",354,"189-WB"
"A241594","2,4-Di-tert-butylphenol",208,"32-WB"
"A241596","2,4-Di-tert-butylphenol",169,"141-WB"
"A241599","2,4-Di-tert-butylphenol",107,"159-WB"
"A241601","2,4-Di-tert-butylphenol",169,"160-WB"
"A241622","2,4-Di-tert-butylphenol",6.77,"205-WB"
"A241266","2-Isopropylphenol",83.1,"188-WB"
"A241191","4-Chloro-3,5-dimethylphenol",29.3,"161-WB"
"A241203","4-Chloro-3,5-dimethylphenol",156,"173-WB"
"A241235","4-Chloro-3,5-dimethylphenol",22.6,"150-WB"
"A241238","4-Chloro-3,5-dimethylphenol",51.3,"168-WB"
"A241592","4-Chloro-3,5-dimethylphenol",37.3,"189-WB"
"A241213","4-Methoxyphenol",38.4,"156-WB"
"A241263","4-Methoxyphenol",31.8,"165-WB"
"A241627","4-Methoxyphenol",54.3,"321-WB"
"A241137","4-Tert-butylphenol",63.2,"45-WB"
"A241184","4-Tert-butylphenol",465,"96-WB"
"A241213","4-Tert-butylphenol",767,"156-WB"
"A241263","4-Tert-butylphenol",572,"165-WB"
"A241587","4-Tert-butylphenol",81.9,"121-WB"
"A241627","4-Tert-butylphenol",56.4,"321-WB"
"A241134","Benzothiazole",42.2,"31-WB"
"A241137","Benzothiazole",40.6,"45-WB"
"A241139","Benzothiazole",56.4,"82-WB"
"A241142","Benzothiazole",69.7,"62-WB"
"A241147","Benzothiazole",40.2,"74-WB"
"A241149","Benzothiazole",50.4,"40-WB"
"A241153","Benzothiazole",20.4,"29-WB"
"A241155","Benzothiazole",108,"72-WB"
"A241156","Benzothiazole",519,"26-WB"
"A241158","Benzothiazole",91.9,"73-WB"
"A241164","Benzothiazole",39.6,"42-WB"
"A241166","Benzothiazole",45.1,"57-WB"
"A241168","Benzothiazole",124,"63-WB"
"A241170","Benzothiazole",15,"36-WB"
"A241173","Benzothiazole",92.3,"64-WB"
"A241177","Benzothiazole",19.6,"34-WB"
"A241179","Benzothiazole",25.1,"76-WB"
"A241181","Benzothiazole",30.4,"27-WB"
"A241191","Benzothiazole",49.7,"161-WB"
"A241192","Benzothiazole",66.8,"124-WB"
"A241196","Benzothiazole",94.5,"134-WB"
"A241198","Benzothiazole",97.1,"33-WB"
"A241201","Benzothiazole",30.6,"147-WB"
"A241207","Benzothiazole",47,"132-WB"
"A241211","Benzothiazole",52.3,"119-WB"
"A241219","Benzothiazole",57.9,"53-WB"
"A241221","Benzothiazole",70.8,"140-WB"
"A241229","Benzothiazole",217,"130-WB"
"A241232","Benzothiazole",31.6,"68-WB"
"A241246","Benzothiazole",39.2,"54-WB"
"A241248","Benzothiazole",45.7,"104-WB"
"A241250","Benzothiazole",79,"100-WB"
"A241253","Benzothiazole",77.2,"131-WB"
"A241256","Benzothiazole",22,"179-WB"
"A241264","Benzothiazole",102,"105-WB"
"A241266","Benzothiazole",54.2,"188-WB"
"A241270","Benzothiazole",72.2,"90-WB"
"A241564","Benzothiazole",423,"143-WB"
"A241568","Benzothiazole",61.8,"174-WB"
"A241576","Benzothiazole",37.9,"175-WB"
"A241580","Benzothiazole",44.2,"24-WB"
"A241589","Benzothiazole",36.1,"158-WB"
"A241591","Benzothiazole",46,"146-WB"
"A241594","Benzothiazole",747,"32-WB"
"A241601","Benzothiazole",75.6,"160-WB"
"A241603","Benzothiazole",151,"38-WB"
"A241624","Benzothiazole",174,"197-WB"
"A241156","2-Benzothiazolyl sulfide",65.5,"26-WB"
"A241572","2-Benzothiazolyl sulfide",30.9,"91-WB"
"A241238","Citral B",328,"168-WB"
"A241579","Citral B",26.2,"92-WB"
"A241583","Citral B",17.2,"176-WB"
"A241609","Citral B",254,"298-WB"
"A241621","Citral B",58.7,"348-WB"
"A241624","Citral B",586,"197-WB"
"A241133","Di-n-butyl phthalate",429,"25-WB"
"A241134","Di-n-butyl phthalate",661,"31-WB"
"A241137","Di-n-butyl phthalate",451,"45-WB"
"A241139","Di-n-butyl phthalate",155,"82-WB"
"A241140","Di-n-butyl phthalate",677,"67-WB"
"A241142","Di-n-butyl phthalate",716,"62-WB"
"A241144","Di-n-butyl phthalate",1810,"65-WB"
"A241147","Di-n-butyl phthalate",309,"74-WB"
"A241149","Di-n-butyl phthalate",555,"40-WB"
"A241151","Di-n-butyl phthalate",360,"56-WB"
"A241153","Di-n-butyl phthalate",315,"29-WB"
"A241155","Di-n-butyl phthalate",1040,"72-WB"
"A241156","Di-n-butyl phthalate",406,"26-WB"
"A241158","Di-n-butyl phthalate",118,"73-WB"
"A241161","Di-n-butyl phthalate",509,"85-WB"
"A241163","Di-n-butyl phthalate",512,"60-WB"
"A241164","Di-n-butyl phthalate",345,"42-WB"
"A241166","Di-n-butyl phthalate",117,"57-WB"
"A241168","Di-n-butyl phthalate",790,"63-WB"
"A241170","Di-n-butyl phthalate",248,"36-WB"
"A241173","Di-n-butyl phthalate",431,"64-WB"
"A241175","Di-n-butyl phthalate",722,"48-WB"
"A241177","Di-n-butyl phthalate",369,"34-WB"
"A241179","Di-n-butyl phthalate",328,"76-WB"
"A241181","Di-n-butyl phthalate",493,"27-WB"
"A241182","Di-n-butyl phthalate",1460,"106-WB"
"A241184","Di-n-butyl phthalate",808,"96-WB"
"A241186","Di-n-butyl phthalate",2050,"52-WB"
"A241188","Di-n-butyl phthalate",253,"122-WB"
"A241191","Di-n-butyl phthalate",226,"161-WB"
"A241192","Di-n-butyl phthalate",451,"124-WB"
"A241194","Di-n-butyl phthalate",1020,"169-WB"
"A241196","Di-n-butyl phthalate",2120,"134-WB"
"A241198","Di-n-butyl phthalate",745,"33-WB"
"A241201","Di-n-butyl phthalate",1660,"147-WB"
"A241203","Di-n-butyl phthalate",380,"173-WB"
"A241205","Di-n-butyl phthalate",1010,"135-WB"
"A241207","Di-n-butyl phthalate",614,"132-WB"
"A241209","Di-n-butyl phthalate",7520,"190-WB"
"A241211","Di-n-butyl phthalate",327,"119-WB"
"A241213","Di-n-butyl phthalate",1580,"156-WB"
"A241215","Di-n-butyl phthalate",513,"75-WB"
"A241217","Di-n-butyl phthalate",1220,"191-WB"
"A241219","Di-n-butyl phthalate",1020,"53-WB"
"A241221","Di-n-butyl phthalate",288,"140-WB"
"A241222","Di-n-butyl phthalate",227,"123-WB"
"A241224","Di-n-butyl phthalate",638,"167-WB"
"A241226","Di-n-butyl phthalate",24.8,"153-WB"
"A241229","Di-n-butyl phthalate",760,"130-WB"
"A241230","Di-n-butyl phthalate",1370,"145-WB"
"A241232","Di-n-butyl phthalate",993,"68-WB"
"A241235","Di-n-butyl phthalate",758,"150-WB"
"A241236","Di-n-butyl phthalate",709,"157-WB"
"A241238","Di-n-butyl phthalate",199,"168-WB"
"A241241","Di-n-butyl phthalate",599,"80-WB"
"A241242","Di-n-butyl phthalate",914,"102-WB"
"A241245","Di-n-butyl phthalate",337,"180-WB"
"A241246","Di-n-butyl phthalate",298,"54-WB"
"A241248","Di-n-butyl phthalate",457,"104-WB"
"A241250","Di-n-butyl phthalate",564,"100-WB"
"A241253","Di-n-butyl phthalate",926,"131-WB"
"A241254","Di-n-butyl phthalate",360,"51-WB"
"A241256","Di-n-butyl phthalate",308,"179-WB"
"A241259","Di-n-butyl phthalate",1210,"154-WB"
"A241260","Di-n-butyl phthalate",340,"144-WB"
"A241263","Di-n-butyl phthalate",2860,"165-WB"
"A241264","Di-n-butyl phthalate",1700,"105-WB"
"A241266","Di-n-butyl phthalate",506,"188-WB"
"A241269","Di-n-butyl phthalate",238,"117-WB"
"A241270","Di-n-butyl phthalate",677,"90-WB"
"A241273","Di-n-butyl phthalate",469,"166-WB"
"A241564","Di-n-butyl phthalate",593,"143-WB"
"A241566","Di-n-butyl phthalate",2710,"109-WB"
"A241568","Di-n-butyl phthalate",426,"174-WB"
"A241571","Di-n-butyl phthalate",1530,"103-WB"
"A241572","Di-n-butyl phthalate",1540,"91-WB"
"A241576","Di-n-butyl phthalate",470,"175-WB"
"A241579","Di-n-butyl phthalate",350,"92-WB"
"A241580","Di-n-butyl phthalate",83.4,"24-WB"
"A241583","Di-n-butyl phthalate",146,"176-WB"
"A241585","Di-n-butyl phthalate",24.4,"101-WB"
"A241589","Di-n-butyl phthalate",3.25,"158-WB"
"A241591","Di-n-butyl phthalate",2570,"146-WB"
"A241592","Di-n-butyl phthalate",2800,"189-WB"
"A241594","Di-n-butyl phthalate",729,"32-WB"
"A241596","Di-n-butyl phthalate",1300,"141-WB"
"A241599","Di-n-butyl phthalate",978,"159-WB"
"A241601","Di-n-butyl phthalate",903,"160-WB"
"A241603","Di-n-butyl phthalate",12900,"38-WB"
"A241604","Di-n-butyl phthalate",268,"245-WB"
"A241606","Di-n-butyl phthalate",286,"299-WB"
"A241609","Di-n-butyl phthalate",556,"298-WB"
"A241610","Di-n-butyl phthalate",22.6,"345-WB"
"A241613","Di-n-butyl phthalate",1010,"272-WB"
"A241615","Di-n-butyl phthalate",1040,"306-WB"
"A241616","Di-n-butyl phthalate",289,"307-WB"
"A241618","Di-n-butyl phthalate",2310,"250-WB"
"A241621","Di-n-butyl phthalate",677,"348-WB"
"A241622","Di-n-butyl phthalate",587,"205-WB"
"A241624","Di-n-butyl phthalate",651,"197-WB"
"A241627","Di-n-butyl phthalate",376,"321-WB"
"A241629","Di-n-butyl phthalate",543,"324-WB"
"A241631","Di-n-butyl phthalate",1080,"290-WB"
"A241633","Di-n-butyl phthalate",314,"246-WB"
"A241273","Di-n-octyl phthalate",1760,"166-WB"
"A241572","Di-n-octyl phthalate",1230,"91-WB"
"A241133","Diethyl phthalate",167,"25-WB"
"A241134","Diethyl phthalate",202,"31-WB"
"A241137","Diethyl phthalate",58.7,"45-WB"
"A241139","Diethyl phthalate",136,"82-WB"
"A241140","Diethyl phthalate",4510,"67-WB"
"A241142","Diethyl phthalate",160,"62-WB"
"A241144","Diethyl phthalate",560,"65-WB"
"A241147","Diethyl phthalate",94.3,"74-WB"
"A241149","Diethyl phthalate",79.4,"40-WB"
"A241151","Diethyl phthalate",360,"56-WB"
"A241153","Diethyl phthalate",73.1,"29-WB"
"A241155","Diethyl phthalate",288,"72-WB"
"A241156","Diethyl phthalate",993,"26-WB"
"A241158","Diethyl phthalate",2600,"73-WB"
"A241161","Diethyl phthalate",604,"85-WB"
"A241163","Diethyl phthalate",268,"60-WB"
"A241164","Diethyl phthalate",1520,"42-WB"
"A241166","Diethyl phthalate",63.6,"57-WB"
"A241168","Diethyl phthalate",99.3,"63-WB"
"A241170","Diethyl phthalate",27.8,"36-WB"
"A241173","Diethyl phthalate",390,"64-WB"
"A241175","Diethyl phthalate",129,"48-WB"
"A241177","Diethyl phthalate",64.7,"34-WB"
"A241179","Diethyl phthalate",100,"76-WB"
"A241181","Diethyl phthalate",228,"27-WB"
"A241182","Diethyl phthalate",188,"106-WB"
"A241184","Diethyl phthalate",221,"96-WB"
"A241186","Diethyl phthalate",293,"52-WB"
"A241188","Diethyl phthalate",117,"122-WB"
"A241191","Diethyl phthalate",187,"161-WB"
"A241192","Diethyl phthalate",271,"124-WB"
"A241194","Diethyl phthalate",146,"169-WB"
"A241196","Diethyl phthalate",347,"134-WB"
"A241198","Diethyl phthalate",767,"33-WB"
"A241201","Diethyl phthalate",713,"147-WB"
"A241203","Diethyl phthalate",116,"173-WB"
"A241205","Diethyl phthalate",216,"135-WB"
"A241207","Diethyl phthalate",181,"132-WB"
"A241209","Diethyl phthalate",360,"190-WB"
"A241211","Diethyl phthalate",116,"119-WB"
"A241213","Diethyl phthalate",745,"156-WB"
"A241215","Diethyl phthalate",69.8,"75-WB"
"A241217","Diethyl phthalate",150,"191-WB"
"A241219","Diethyl phthalate",270,"53-WB"
"A241221","Diethyl phthalate",102,"140-WB"
"A241222","Diethyl phthalate",192,"123-WB"
"A241224","Diethyl phthalate",180,"167-WB"
"A241229","Diethyl phthalate",738,"130-WB"
"A241230","Diethyl phthalate",475,"145-WB"
"A241232","Diethyl phthalate",271,"68-WB"
"A241235","Diethyl phthalate",339,"150-WB"
"A241236","Diethyl phthalate",88.1,"157-WB"
"A241238","Diethyl phthalate",84.1,"168-WB"
"A241242","Diethyl phthalate",55.4,"102-WB"
"A241245","Diethyl phthalate",220,"180-WB"
"A241246","Diethyl phthalate",179,"54-WB"
"A241248","Diethyl phthalate",126,"104-WB"
"A241250","Diethyl phthalate",102,"100-WB"
"A241253","Diethyl phthalate",540,"131-WB"
"A241254","Diethyl phthalate",53.9,"51-WB"
"A241256","Diethyl phthalate",264,"179-WB"
"A241259","Diethyl phthalate",2660,"154-WB"
"A241260","Diethyl phthalate",224,"144-WB"
"A241263","Diethyl phthalate",98.6,"165-WB"
"A241264","Diethyl phthalate",170,"105-WB"
"A241266","Diethyl phthalate",235,"188-WB"
"A241269","Diethyl phthalate",93.6,"117-WB"
"A241270","Diethyl phthalate",153,"90-WB"
"A241273","Diethyl phthalate",293,"166-WB"
"A241564","Diethyl phthalate",310,"143-WB"
"A241566","Diethyl phthalate",291,"109-WB"
"A241568","Diethyl phthalate",277,"174-WB"
"A241571","Diethyl phthalate",1190,"103-WB"
"A241572","Diethyl phthalate",656,"91-WB"
"A241574","Diethyl phthalate",50.6,"88-WB"
"A241576","Diethyl phthalate",3250,"175-WB"
"A241579","Diethyl phthalate",54.2,"92-WB"
"A241583","Diethyl phthalate",119,"176-WB"
"A241585","Diethyl phthalate",58,"101-WB"
"A241587","Diethyl phthalate",1860,"121-WB"
"A241589","Diethyl phthalate",235,"158-WB"
"A241591","Diethyl phthalate",1030,"146-WB"
"A241592","Diethyl phthalate",1120,"189-WB"
"A241594","Diethyl phthalate",347,"32-WB"
"A241596","Diethyl phthalate",471,"141-WB"
"A241599","Diethyl phthalate",151,"159-WB"
"A241601","Diethyl phthalate",260,"160-WB"
"A241603","Diethyl phthalate",700,"38-WB"
"A241613","Diethyl phthalate",132,"272-WB"
"A241615","Diethyl phthalate",361,"306-WB"
"A241616","Diethyl phthalate",1640,"307-WB"
"A241618","Diethyl phthalate",48000,"250-WB"
"A241622","Diethyl phthalate",248,"205-WB"
"A241627","Diethyl phthalate",439,"321-WB"
"A241631","Diethyl phthalate",221,"290-WB"
"A241633","Diethyl phthalate",2510,"246-WB"
"A241194","Fluoranthene",10.4,"169-WB"
"A241201","Fluoranthene",11.7,"147-WB"
"A241235","Fluoranthene",2.1,"150-WB"
"A241259","Fluoranthene",7.59,"154-WB"
"A241587","Fluoranthene",1.55,"121-WB"
"A241137","Fluorene",4.97,"45-WB"
"A241139","Fluorene",2.09,"82-WB"
"A241194","Fluorene",9,"169-WB"
"A241201","Fluorene",11.2,"147-WB"
"A241235","Fluorene",9.84,"150-WB"
"A241259","Fluorene",22.8,"154-WB"
"A241273","Fluorene",4.4,"166-WB"
"A241591","Fluorene",16.2,"146-WB"
"A241601","Fluorene",5.42,"160-WB"
"A241209","Gamma-Chlordane",16.4,"190-WB"
"A241587","Methomyl",117,"121-WB"
"A241583","Methoxychlor",15.7,"176-WB"
"A241158","Naphthalene",11.8,"73-WB"
"A241194","Naphthalene",16.6,"169-WB"
"A241198","Naphthalene",16.9,"33-WB"
"A241201","Naphthalene",14.4,"147-WB"
"A241205","Naphthalene",9.06,"135-WB"
"A241211","Naphthalene",12.3,"119-WB"
"A241230","Naphthalene",49.5,"145-WB"
"A241232","Naphthalene",54.2,"68-WB"
"A241253","Naphthalene",10,"131-WB"
"A241264","Naphthalene",187,"105-WB"
"A241273","Naphthalene",5.28,"166-WB"
"A241564","Naphthalene",9.03,"143-WB"
"A241566","Naphthalene",5.62,"109-WB"
"A241568","Naphthalene",9.58,"174-WB"
"A241576","Naphthalene",4.33,"175-WB"
"A241587","Naphthalene",16.4,"121-WB"
"A241601","Naphthalene",7.9,"160-WB"
"A241603","Naphthalene",11.3,"38-WB"
"A241604","Naphthalene",30.1,"245-WB"
"A241618","Naphthalene",37.3,"250-WB"
"A241144","Phenanthrene",32.5,"65-WB"
"A241164","Phenanthrene",29.3,"42-WB"
"A241194","Phenanthrene",42.4,"169-WB"
"A241230","Phenanthrene",15.4,"145-WB"
"A241259","Phenanthrene",83.5,"154-WB"
"A241587","Phenanthrene",11.1,"121-WB"
"A241144","Pyrene",14.1,"65-WB"
"A241153","Pyrene",5.74,"29-WB"
"A241235","Pyrene",10.3,"150-WB"
"A241259","Pyrene",20.9,"154-WB"
"A241260","Pyrene",19.3,"144-WB"
"A241587","Pyrene",2.21,"121-WB"
"A241591","Pyrene",25.7,"146-WB"
"A241134","1-Methylnaphthalene",2.94,"31-WB"
"A241139","1-Methylnaphthalene",4.18,"82-WB"
"A241140","1-Methylnaphthalene",4.06,"67-WB"
"A241144","1-Methylnaphthalene",3.61,"65-WB"
"A241147","1-Methylnaphthalene",1.55,"74-WB"
"A241151","1-Methylnaphthalene",6.79,"56-WB"
"A241156","1-Methylnaphthalene",2.48,"26-WB"
"A241158","1-Methylnaphthalene",5.99,"73-WB"
"A241164","1-Methylnaphthalene",2.24,"42-WB"
"A241168","1-Methylnaphthalene",4.51,"63-WB"
"A241179","1-Methylnaphthalene",1.93,"76-WB"
"A241181","1-Methylnaphthalene",2.28,"27-WB"
"A241182","1-Methylnaphthalene",2.93,"106-WB"
"A241188","1-Methylnaphthalene",0.9,"122-WB"
"A241191","1-Methylnaphthalene",4.29,"161-WB"
"A241194","1-Methylnaphthalene",10.9,"169-WB"
"A241196","1-Methylnaphthalene",5.4,"134-WB"
"A241198","1-Methylnaphthalene",4.74,"33-WB"
"A241201","1-Methylnaphthalene",9.17,"147-WB"
"A241205","1-Methylnaphthalene",1.89,"135-WB"
"A241207","1-Methylnaphthalene",1.63,"132-WB"
"A241211","1-Methylnaphthalene",3.6,"119-WB"
"A241213","1-Methylnaphthalene",9.03,"156-WB"
"A241217","1-Methylnaphthalene",2.27,"191-WB"
"A241219","1-Methylnaphthalene",2.7,"53-WB"
"A241221","1-Methylnaphthalene",2.66,"140-WB"
"A241226","1-Methylnaphthalene",3.39,"153-WB"
"A241229","1-Methylnaphthalene",3.69,"130-WB"
"A241230","1-Methylnaphthalene",2.77,"145-WB"
"A241232","1-Methylnaphthalene",2.03,"68-WB"
"A241235","1-Methylnaphthalene",7.58,"150-WB"
"A241245","1-Methylnaphthalene",1.32,"180-WB"
"A241246","1-Methylnaphthalene",1.31,"54-WB"
"A241250","1-Methylnaphthalene",3.06,"100-WB"
"A241253","1-Methylnaphthalene",3.09,"131-WB"
"A241256","1-Methylnaphthalene",1.61,"179-WB"
"A241259","1-Methylnaphthalene",8.92,"154-WB"
"A241266","1-Methylnaphthalene",2.53,"188-WB"
"A241270","1-Methylnaphthalene",4.74,"90-WB"
"A241273","1-Methylnaphthalene",3.66,"166-WB"
"A241566","1-Methylnaphthalene",3.31,"109-WB"
"A241568","1-Methylnaphthalene",2.98,"174-WB"
"A241571","1-Methylnaphthalene",2.58,"103-WB"
"A241574","1-Methylnaphthalene",0.72,"88-WB"
"A241576","1-Methylnaphthalene",1.08,"175-WB"
"A241580","1-Methylnaphthalene",0.82,"24-WB"
"A241587","1-Methylnaphthalene",9.29,"121-WB"
"A241589","1-Methylnaphthalene",2.17,"158-WB"
"A241591","1-Methylnaphthalene",8.11,"146-WB"
"A241592","1-Methylnaphthalene",12.3,"189-WB"
"A241594","1-Methylnaphthalene",4.17,"32-WB"
"A241596","1-Methylnaphthalene",3.34,"141-WB"
"A241601","1-Methylnaphthalene",11.2,"160-WB"
"A241603","1-Methylnaphthalene",13.5,"38-WB"
"A241606","1-Methylnaphthalene",3.18,"299-WB"
"A241615","1-Methylnaphthalene",4.29,"306-WB"
"A241616","1-Methylnaphthalene",1.81,"307-WB"
"A241621","1-Methylnaphthalene",17.6,"348-WB"
"A241633","1-Methylnaphthalene",3.76,"246-WB"
"A241144","Dimethyl phthalate",57.8,"65-WB"
"A241147","Dimethyl phthalate",57.2,"74-WB"
"A241155","Dimethyl phthalate",124,"72-WB"
"A241158","Dimethyl phthalate",42,"73-WB"
"A241168","Dimethyl phthalate",60.9,"63-WB"
"A241196","Dimethyl phthalate",174,"134-WB"
"A241219","Dimethyl phthalate",79.1,"53-WB"
"A241230","Dimethyl phthalate",7.92,"145-WB"
"A241250","Dimethyl phthalate",113,"100-WB"
"A241253","Dimethyl phthalate",38.6,"131-WB"
"A241260","Dimethyl phthalate",77.3,"144-WB"
"A241264","Dimethyl phthalate",50.9,"105-WB"
"A241270","Dimethyl phthalate",36.1,"90-WB"
"A241576","Dimethyl phthalate",34.3,"175-WB"
"A241587","Dimethyl phthalate",115,"121-WB"
"A241603","Dimethyl phthalate",339,"38-WB"
"A241613","Dimethyl phthalate",144,"272-WB"
"A241615","Dimethyl phthalate",31.6,"306-WB"
"A241618","Dimethyl phthalate",97.8,"250-WB"
"A241624","Dimethyl phthalate",17.4,"197-WB"
"A241629","Dimethyl phthalate",98.2,"324-WB"
"A241142","Permethrin",42.2,"62-WB"
"A241144","Permethrin",50.6,"65-WB"
"A241149","Permethrin",139,"40-WB"
"A241155","Permethrin",28.8,"72-WB"
"A241186","Permethrin",28.3,"52-WB"
"A241188","Permethrin",89.4,"122-WB"
"A241205","Permethrin",134,"135-WB"
"A241209","Permethrin",589,"190-WB"
"A241211","Permethrin",45.8,"119-WB"
"A241215","Permethrin",71.8,"75-WB"
"A241229","Permethrin",28.2,"130-WB"
"A241232","Permethrin",135,"68-WB"
"A241246","Permethrin",29.8,"54-WB"
"A241250","Permethrin",62.9,"100-WB"
"A241564","Permethrin",81.8,"143-WB"
"A241574","Permethrin",4.33,"88-WB"
"A241579","Permethrin",28,"92-WB"
"A241589","Permethrin",253,"158-WB"
"A241592","Permethrin",84,"189-WB"
"A241596","Permethrin",173,"141-WB"
"A241599","Permethrin",23.1,"159-WB"
"A241601","Permethrin",92.6,"160-WB"
"A241613","Permethrin",6680,"272-WB"
