ParameterID,ParameterName,CASNumber
396,(+/-)-cis-Permethrin,61949-76-6
302488,?-Cyhalothrin,91465-08-6
302090,"1,2,3,4,5-Pentabromo-6-(2,4-dibromophenoxy)benzene",189084-67-1
302762,"1,2,3,4,6,7,8,9-Octachlorodibenzofuran",39001-02-0
302716,"1,2,3,4,6,7,8,9-Octachlorodibenzo-p-dioxin",3268-87-9
302733,"1,2,3,4,6,7,8-Heptachlorodibenzofuran",38998-75-3
302711,"1,2,3,4,6,7,8-Heptachlorodibenzo-p-dioxin",35822-46-9
302712,"1,2,3,4,6,7,9-Heptachlorodibenzo-p-dioxin",58200-70-7
302713,"1,2,3,4,6,7-Hexachlorodibenzo-p-dioxin",58200-66-1
302734,"1,2,3,4,7,8-Hexachlorodibenzofuran",55684-94-1
302714,"1,2,3,4,7,8-Hexachlorodibenzo-p-dioxin",39227-28-6
302717,"1,2,3,4,7-Pentachlorodibenzo-p-dioxin",39227-61-7
302736,"1,2,3,4-Tetrachlorodibenzofuran",24478-72-6
302723,"1,2,3,4-Tetrachlorodibenzo-p-dioxin",30746-58-8
302742,"1,2,3,6,7,8-Hexachlorodibenzo-p-dioxin",57653-85-7
302715,"1,2,3,7,8,9-Hexachlorodibenzo-p-dioxin",19408-74-3
302735,"1,2,3,7,8-Pentachlorodibenzofuran",57117-41-6
302718,"1,2,3,7,8-Pentachlorodibenzo-p-dioxin",40321-76-4
302757,"1,2,3,8,9-Pentachlorodibenzo-p-dioxin",71925-18-3
27,"1,2,3-Trichlorobenzene",87-61-6
302719,"1,2,3-Trichlorodibenzo-p-dioxin",54536-17-3
30,"1,2,3-Trimethylbenzene",526-73-8
302756,"1,2,4,6,7,9-Hexachlorodibenzo-p-dioxin",39227-62-8
302759,"1,2,4,6,8/1,2,4,7,9-Pentachlorodibenzo-p-dioxin",71998-76-0
302758,"1,2,4,7,8-Pentachlorodibenzo-p-dioxin",58802-08-7
32,"1,2,4-Trichlorobenzene",120-82-1
302720,"1,2,4-Trichlorodibenzo-p-dioxin",39227-58-2
33,"1,2,4-Trimethylbenzene",95-63-6
302171,"1,2,5,6,9,10-Hexabromocyclododecane",3194-55-6
302761,"1,2,6,7-Tetrachlorodibenzo-p-dioxin",41903-57-5
302729,"1,2,6,8-Tetrachlorodibenzo-p-dioxin",67323-56-2
302724,"1,2,7,8-Tetrachlorodibenzo-p-dioxin",34816-53-0
302727,"1,2,8,9-Tetrachlorodibenzo-p-dioxin",116889-69-1
302503,"1,2-Bis(2,4,6-tribromophenoxy)ethane",37853-59-1
34,"1,2-Dibromo-3-chloropropane",96-12-8
302626,"1,2-Dibromo-4-(1,2-dibromoethyl)cyclohexane",3322-93-8
302708,"1,2-Dichlorodibenzo-p-dioxin",54536-18-4
300387,"1,2-dimethylnaphthalene",573-98-8
301485,"1,3,5-Triazine-2,4-diamine, N-(1-methylethyl)-6-(methylthio)-",4147-57-3
302627,"1,3,5-Tribromo-2-(2,3-dibromopropoxy)benzene",35109-60-5
301445,"1,3,5-Tribromobenzene",626-39-1
45,"1,3,5-Trimethylbenzene",108-67-8
302737,"1,3,6,8-Tetrachlorodibenzofuran",30402-14-3
302726,"1,3,6,8-Tetrachlorodibenzo-p-dioxin",33423-92-6
302725,"1,3,7,8-Tetrachlorodibenzo-p-dioxin",50585-46-1
302728,"1,3,7,9-Tetrachlorodibenzo-p-dioxin",116889-70-4
48,"1,3-Dichlorobenzene",541-73-1
302741,"1,3-Dichlorodibenzo-p-dioxin",50585-39-2
301765,"1,3-Dimethylnaphthalene_v1",575-41-7
303503,"1,3-Dimethylnaphthalene_v2",575-41-7
301737,"1,3-Dinitropyrene",75321-20-9
300305,"1,4-Anthraquinone",635-12-1
302752,"1,4-Dichlorodibenzo-p-dioxin",54536-19-5
302096,"1,4-dimethylnaphthalene",571-58-4
302755,"1,4-Dioxino(2,3,b,5,6,b')dipyridine",262-16-8
60,"1,4-Naphthoquinone",130-15-4
302097,"1,5-dimethylnaphthalene",571-61-9
301717,"1,6-Benzo(a)pyrene-quinone",3067-13-8
302753,"1,6-Dichlorodibenzo-p-dioxin",38178-38-0
300386,"1,6-dimethylnaphthalene",575-43-9
300349,"1,6-Dinitropyrene",42397-64-8
302721,"1,7,8-Trichlorodibenzo-p-dioxin",82306-65-8
302095,"1,8-dimethylnaphthalene",569-41-5
300348,"1,8-Dinitropyrene",42397-65-9
301413,17a-Ethynylestradiol,57-63-6
302706,1-Chlorodibenzo-p-dioxin,39227-53-7
300659,1-Hydroxynaphthalene,90-15-3
70,1-Methyl phenanthrene,832-69-9
69,1-methylnaphthalene,90-12-0
300392,1-methylpyrene,2381-21-7
71,1-Naphthylamine,134-32-7
301724,1-Nitronaphthalene,86-57-7
301733,1-Nitropyrene,5522-43-0
301833,"2-(1,3-Dioxolan-2-yl)phenol",6988-19-8
303268,2-(1-methylbutyl)phenol,87-26-3
301228,2-(1-naphthyl)acetamide,86-86-2
301119,2-(2-Butoxyethoxy)ethyl thiocyanate,112-56-1
301136,2-(3-Chlorophenoxy)propionamide,5825-87-6
303326,2-(4-chlorophenyl)benzothiazole,6265-91-4
303323,2-(morpholinothio)benzothiazole,102-77-2
301120,2-(Octylthio)ethanol,3547-33-9
302091,"2,2',3,4,4',5',6-Heptabromodiphenyl ether",207122-16-5
302092,"2,3,3',4,4',5,6-Heptabromodiphenyl Ether",189084-68-1
301461,"2,3,4,5-Tertrachloronitrobenzene",879-39-0
301126,"2,3,4,5-Tetrachlorophenol",4901-51-3
89,"2,3,4,6-Tetrachlorophenol",58-90-2
90,"2,3,4,7,8-PeCDF",57117-31-4
302593,"2,3,4-Tribromophenol",138507-65-0
302771,"2,3,4-Trichlorophenyl-4-nitrophenyl ether",142022-61-5
301123,"2,3,5,6-Tetrachlorophenol",935-95-5
301664,"2,3,5,6-Tetrachloro-p-terphenyl",61576-99-6
301101,"2,3,5-Trichlorophenol",933-78-8
302772,"2,3,5-Trichlorophenyl-4-nitrophenyl ether",142022-59-1
301138,"2,3,5-Trimethacarb",2655-15-4
303263,"2,3,5-trimethylphenol",697-82-5
301444,"2,3,6-Trichloroanisole",50375-10-5
302773,"2,3,6-Trichlorophenyl-4-nitrophenyl ether",142022-58-0
302310,"2,3,6-trimethylphenol",2416-94-6
92,"2,3,7,8-TCDD",1746-01-6
302760,"2,3,7,8-Tetrabromodibenzo-p-dioxin",50585-41-6
301360,"2,3,7,8-Tetrachlorodibenzofuran",51207-31-9
302722,"2,3,7-Trichlorodibenzo-p-dioxin",33857-28-2
302603,"2,3-Dibromoanisole",95970-22-2
302588,"2,3-Dibromophenol",57383-80-9
302709,"2,3-Dichlorodibenzo-p-dioxin",29446-15-9
302765,"2,3-Dichlorophenyl-4-nitrophenyl ether",82239-20-1
303256,"2,3-dimethylaniline",87-59-2
300315,"2,3-dimethylanthracene",613-06-9
303288,"2,3-xylenol",526-75-0
302325,"2,4,4'-Tribromodiphenyl ether",41318-75-6
301172,"2,4,5-T methyl ester",1928-37-6
302608,"2,4,5-Tribromoanisole",N/A-302608
301450,"2,4,5-Trichloroaniline",636-30-6
101,"2,4,5-Trichlorophenol",95-95-4
302774,"2,4,5-Trichlorophenyl-4-nitrophenyl ether",22532-68-9
301661,"2,4,5-Trichloro-p-terphenyl",999008-03-6
102,"2,4,5-Trimethylaniline",137-17-7
301456,"2,4,6-Tribromoanisole",607-99-8
1250,"2,4,6-Tribromophenol",118-79-6
302612,"2,4,6-Tribromophenyl allyl ether",3278-89-5
303282,"2,4,6-trichloroaniline",634-93-5
301442,"2,4,6-Trichloroanisole",87-40-1
104,"2,4,6-Trichlorophenol",88-06-2
303289,"2,4,6-triiodophenol",609-23-4
302311,"2,4,6-trimethylphenol",527-60-6
302738,"2,4,8-Trichlorodibenzofuran",54589-71-8
303291,"2,4-bis(alpha,alpha-dimethylbenzyl)phenol",2772-45-4
301135,"2,4-D methyl ester",1928-38-7
301179,"2,4-D sec-butyl ester",94-79-1
114,"2,4'-DDD",53-19-0
115,"2,4'-DDE",3424-82-6
116,"2,4'-DDT",789-02-6
302604,"2,4-Dibromoanisole",21702-84-1
302589,"2,4-Dibromophenol",615-58-7
302766,"2,4-Dibromophenyl-4-nitrophenyl ether",2671-93-4
303287,"2,4-dichloro-3,5-dimethylphenol",133-53-9
303254,"2,4-dichloroaniline",554-00-7
301524,"2,4'-Dichlorobenzophenone (2,4'-Dicofol decomposition product)",85-29-0
109,"2,4-Dichlorophenol",120-83-2
301309,"2,4-Dichlorophenyl benzenesulfonate",97-16-5
301095,"2,4-Dimethylaniline",95-68-1
111,"2,4-Dimethylphenol",105-67-9
303222,"2,4-dinitroaniline",97-02-9
303292,"2,4-di-tert-amylphenol",120-95-6
303293,"2,4-di-tert-butylphenol",96-76-4
302605,"2,5-Dibromoanisole",95970-08-4
302590,"2,5-Dibromophenol",28165-52-8
303255,"2,5-dichloroaniline",95-82-9
303265,"2,5-dichlorophenol",583-78-8
302740,"2,5-Dichlorophenyl-4-nitrophenyl ether",391-48-7
303258,"2,5-dimethylaniline",95-78-3
302309,"2,5-dimethylphenol",95-87-4
303228,"2,6-dibromo-4-nitroaniline",827-94-1
302606,"2,6-Dibromoanisole",38603-09-7
302591,"2,6-Dibromophenol",608-33-3
301463,"2,6-Dichlorobenzamide",2008-58-4
301102,"2,6-Dichlorobenzonitrile",1194-65-6
118,"2,6-Dichlorophenol",87-65-0
302767,"2,6-Dichlorophenyl-4-nitrophenyl ether",2093-28-9
302652,"2,6-Dichlorosyringaldehyde",76330-06-8
303259,"2,6-diethylaniline",579-66-8
302101,"2,6-diethylnaphthalene",59919-41-4
303260,"2,6-diisopropylaniline",24544-04-5
303267,"2,6-dimethoxyphenol",91-10-1
301096,"2,6-Dimethylaniline",87-62-7
1000003,"2,6-Dimethylnaphthalene",581-42-0
303294,"2,6-di-tert-butyl-4-dimethylaminomethylphenol",88-27-7
303295,"2,6-Di-tert-butyl-4-ethylphenol",4130-42-1
303266,"2,6-ditertbutyl-4-methoxyphenol",489-01-0
303296,"2,6-Di-tert-butylphenol",128-39-2
302754,"2,7-Dichlorodibenzo-p-dioxin",33857-26-0
302732,"2,8-Dichlorodibenzofuran",5409-83-6
302710,"2,8-Dichlorodibenzo-p-dioxin",38964-22-6
303299,2-Amino-4-chlorophenol,95-85-2
303300,2-amino-p-cresol,95-84-1
303302,2-aminophenol,95-55-6
303327,2-benzothiazolyl sulfide,4074-77-5
303229,"2-bromo-4,6-dinitroaniline",1817-73-8
302600,2-Bromoanisole,578-57-4
303240,2-bromophenol,95-56-7
303227,"2-chloro-4,6-dinitroaniline",3531-19-9
303225,2-chloro-4-nitroaniline,121-87-9
303223,2-chloroaniline,95-51-2
302730,2-chlorodibenzofuran,51230-49-0
302707,2-Chlorodibenzo-p-dioxin,39227-54-8
134,2-Chlorophenol,95-57-8
302739,2-Chlorophenyl-4-nitrophenyl ether,2303-23-3
302651,2-Chlorosyringaldehyde,76341-69-0
136,2-Chlorotoluene,95-49-8
303304,2-ethoxyphenol,94-71-3
301099,"2-Ethyl-1,3-hexanediol",94-96-2
301434,2-ethyl-6-methylaniline,24549-06-2
303261,2-ethylaniline,578-54-1
301863,2-Ethylanthraquinone,84-51-5
302172,"2-Ethylhexyl 2,3,4,5-tetrabromobenzoate",183658-27-7
302100,2-ethylnaphthalene,939-27-5
303272,2-ethylphenol,90-00-6
302636,"2'-Hydroxy-2,4,4'-tribromodiphenyl ether",N/A-302636
302635,2'-Hydroxy-4-monobromodiphenyl ether,N/A-302635
301423,2-Hydroxy-estradiol,362-05-0
303262,2-isopropylaniline,643-28-7
303305,2-isopropylphenol,88-69-7
303325,2-Mercaptobenzothiazole,149-30-4
302637,"2'-Methoxy-2,4,4'-tribromodiphenyl ether",N/A-302637
303306,2-methoxy-4-methylphenol,93-51-6
301764,"2-methyl-9,10-anthraquinone",84-54-8
300390,2-methylanthracene,613-12-7
146,2-methylnaphthalene,91-57-6
300389,2-methylphenanthrene,2531-84-2
148,2-Methylphenol,95-48-7
150,2-Naphthylamine,91-59-8
151,2-Nitroaniline,88-74-4
301731,2-Nitroanthracene,3586-69-4
301743,2-Nitrobiphenyl,86-00-0
301727,2-Nitrofluorene,607-57-8
301725,2-Nitronaphthalene,581-89-5
303317,2-nitro-p-cresol,119-33-5
152,2-Nitrophenol,88-75-5
301734,2-Nitropyrene,789-07-1
301106,2-Phenoxypropionic acid,940-31-8
303273,2-propylphenol,644-35-9
303298,2-sec-butylphenol,89-72-5
303274,3-(dimethylamino)phenol,99-07-0
301428,3-(Trifluoromethyl)aniline,98-16-8
160,"3,3'-Dimethoxybenzidine",119-90-4
302647,"3,4,5,6-Tetrachloroguaiacol",2539-17-5
303242,"3,4,5-trichlorophenol",609-19-8
301153,"3,4,5-Trimethacarb",2686-99-9
302645,"3,4,6-Trichloroguaiacol",60712-44-9
301108,"3,4-Dichloroaniline",95-76-1
302655,"3,4-Dichlorocatechol",3978-67-4
302641,"3,4-Dichloroguaiacol",77102-94-4
302768,"3,4-Dichlorophenyl-4-nitrophenyl ether",22532-80-5
303283,"3,4-dimethylaniline",95-64-7
303308,"3,4-dimethylphenol",95-65-8
302607,"3,5-Dibromoanisole",74137-36-3
302592,"3,5-Dibromophenol",626-41-5
301107,"3,5-Dichloroaniline",626-43-7
302769,"3,5-Dichlorophenyl-4-nitrophenyl ether",21105-77-1
303284,"3,5-dimethylaniline",108-69-0
303275,"3,5-dimethylphenol",108-68-9
300317,"3,6-dimethylphenanthrene",1576-67-6
300416,300416_TBD,76723-60-9
301486,301486_TBD,1537133
301831,301831_TBD,485106
301436,3-Aminophenol,591-27-5
302601,3-Bromoanisole,2398-37-0
302586,3-Bromophenol,591-20-8
302615,3-Bromostyrene,2039-86-3
301431,3-Chloro-4-fluoroaniline,367-21-5
301446,3-Chloro-4-methoxyaniline,5345-54-0
301098,3-Chloroaniline,108-42-9
303245,3-chlorophenol,108-43-0
302763,3-Chlorophenyl-4-nitrophenyl ether,2303-23-3
303276,3-ethylphenol,620-17-7
303247,3-hydroxybiphenyl,580-51-8
165,3-Hydroxycarbofuran,16655-82-6
301483,3-Indolylacetonitrile,771-51-7
302638,"3-Methoxy-2,2',4,4',6-pentabromodiphenyl ether",N/A-302638
303277,3-methoxyphenol,150-19-6
168,3-Nitroaniline,99-09-2
301736,3-Nitrobenzanthrone,17117-34-9
301726,3-Nitrobiphenyl,2113-58-8
301763,3-nitrodibenzofuran,5410-97-9
301732,3-Nitrofluoranthene,892-21-7
301730,3-Nitrophenanthrene,17024-19-0
303246,3-nitrophenol,554-84-7
303278,3-tert-butylphenol,585-34-2
303321,4-(2-benzothiazolyldithio)morpholine,95-32-9
170,"4,4'-DDD",72-54-8
171,"4,4'-DDE",72-55-9
172,"4,4'-DDT",50-29-3
301580,"4,4'-Dibromobenzophenone",762661
301248,"4,4'-Dichlorobenzophenone",90-98-2
303224,"4,4'-Methylenedianiline",101-77-9
175,"4,4'-Oxydianiline",101-80-4
302642,"4,5-Dichloroguaiacol",2460-49-3
302643,"4,6-Dichloroguaiacol",16766-31-7
176,"4,6-Dinitro-o-cresol (DNOC)",534-52-1
303314,4-alpha-cumylphenol,599-64-4
303279,"4-amino-2,6-dichlorophenol",5930-28-9
178,4-Aminobiphenyl,92-67-1
303311,4-aminophenol,123-30-8
303312,4-benzylphenol,101-53-1
301439,4-Bromoaniline,106-40-1
302602,4-Bromoanisole,104-92-7
302587,4-Bromophenol,106-41-2
302617,4-Bromostyrene,2039-82-9
303280,4-butylphenol,1638-22-8
301438,4-Chloro-2-methylaniline,95-69-2
303248,4-chloro-2-methylphenol,1570-64-5
303226,4-chloro-2-nitroaniline,89-63-4
303313,"4-chloro-3,5-dimethylphenol",88-04-0
184,4-Chloro-3-methylphenol,59-50-7
185,4-Chloroaniline,106-47-8
302654,4-Chlorocatechol,2138-22-9
302731,4-Chlorodibenzofuran,74992-96-4
186,4-Chlorodiphenyl ether,7005-72-3
302639,4-Chlorophenol,106-48-9
301430,4-Chlorophenyl isocyanate,104-12-1
302764,4-Chlorophenyl-4-nitrophenyl ether,1836-74-4
187,4-Chlorotoluene,106-43-4
301722,4-Chromone,491-38-3
303249,4-ethoxyphenol,622-62-8
303315,4-ethylphenol,123-07-9
300301,4H-cyclopenta[def]phenanthren-4-one,5737-13-3
303241,4-hydroxy-3-chlorobiphenyl,92-04-6
303235,4-hydroxybiphenyl,92-69-3
301432,4-Isopropylaniline,99-88-7
303281,4-isopropylphenol,99-89-8
303316,4-methoxyphenol,150-76-5
189,4-Methylphenol,106-44-5
190,4-Nitroaniline,100-01-6
191,4-Nitrobiphenyl,92-93-3
192,4-Nitrophenol,100-02-7
302770,4-Nitrophenyl phenyl ether,620-88-2
194,4-Nitrotoluene,99-99-0
303250,4-n-octylphenol,1806-26-4
301503,4-Nonylphenol,104-40-5
303319,4-tert-butylphenol,98-54-4
300297,"5,12-Naphthacene-quinone",1090-13-7
302650,"5,6-Dichlorovanillin",18268-69-4
301422,"5,7-Dihydroxy-4'-methoxyisoflavone",491-80-5
302648,5-Chlorovanillin,19463-48-0
302298,5-methylchrysene,3697-24-3
200,5-Nitroacenaphthene,602-87-9
303303,6-chloro-m-cresol,615-74-7
302649,6-Chlorovanillin,18268-76-3
201,6-methylchrysene,1705-85-7
301739,6-Nitrobenzo(a)pyrene,63041-90-7
300347,6-Nitrochrysene,2044113
202,"7,12-Dimethylbenz(a)anthracene",57-97-6
303346,7H-Benzo[c]fluorene,205-12-9
301735,7-Nitrobenz(a)anthracene,20268-51-3
300295,"9,10-Anthraquinone",84-65-1
300316,"9,10-dimethylanthracene",781-43-1
300296,"9,10-Phenanthrenequinone",84-11-7
300306,9-Fluorenone,486-25-9
300312,9-methylanthracene,779-02-2
301728,9-Nitroanthracene,602-60-8
301729,9-Nitrophenanthrene,954-46-1
208,acenaphthene,83-32-9
300303,Acenaphthenequinone,82-86-0
210,acenaphthylene,208-96-8
301109,Acephate,30560-19-1
301670,Acequinocyl,57960-19-7
301698,acetamiprid,135410-20-7
301211,Acetochlor,34256-82-1
301344,Acifluorfen methyl ester,50594-67-7
301595,Aclonifen,74070-46-5
301650,Acrinathrin,101007-06-1
303001,a-Ionone,127-41-3
224,Alachlor,15972-60-8
228,Aldrin,309-00-2
301100,Allidochlor,93-71-0
300222,"alpha, alpha-Dibromo-m-xylene",626-15-3
231,alpha-BHC,319-84-6
232,alpha-Chlordane,5103-71-9
236,Ametryne,834-12-8
301242,Amidithion,919-76-6
238,Aminocarb,2032-59-9
301404,Amitraz,33089-61-1
301799,"Amitraz metabolite [Methanimidamide, N-(2,4-dimethylphenyl)-N'-methyl-]",33089-74-6
302999,amyl cinnamal,122-40-7
303003,amylcinnamyl alcohol,101-85-9
301340,Ancymidol,12771-68-5
245,Anilazine,101-05-3
246,Aniline,62-53-3
301634,Anilofos,64249-01-0
302996,Anisyl alcohol,105-13-5
300503,anthanthrene,191-26-4
247,anthracene,120-12-7
251,Aramite,140-57-8
301786,Aramite II,999009-03-9
254,Atraton,1610-17-9
255,Atrazine,1912-24-9
301460,Atrazine-desethyl,6190-65-4
301332,Azaconazole,60207-31-0
301697,Azamethiphos,35575-96-3
301514,Azibenzolar-S-methyl,135158-54-2
300628,Azinphos-ethyl,2642-71-9
259,Azinphos-methyl,86-50-0
301694,Aziprotryne,4658-28-0
260,Azobenzene,103-33-3
301489,Azoxybenzene,495-48-7
301675,Azoxystrobin,131860-33-8
262,Barban,101-27-9
302990,b-citronellol,106-22-9
301560,Beflubutamid,113614-08-7
301361,Benalaxyl,71626-11-4
301278,Benazolin-ethyl,25059-80-7
301141,Bendiocarb,22781-23-3
301142,Benfluralin,1861-40-1
301652,Benfuracarb,82560-54-1
301202,Benfuresate,68505-69-1
301353,Benodanil,15310-01-7
301495,Benoxacor,98730-04-2
301210,Bentazon methyl,61592-45-8
265,Bentazone,25057-89-0
301243,Benthiocarb,28249-77-6
300298,"Benz(a)anthracene-7,12-dione",2498-66-0
302301,Benz(e)aceanthrylene,199-54-2
272,benz[a]anthracene,56-55-3
300299,Benzanthrone,82-05-3
267,Benzene,71-43-2
302066,"Benzene, bromophenoxy-",1872021
301451,Benzenesulfonamide,98-10-2
271,Benzidine,92-87-5
300337,Benzo(a)fluoren-11-one,479-79-8
301721,"Benzo(a)pyrene-7,8-dione",65199-11-3
300309,"Benzo(c)phenanthrene(1,4)quinone",109699-80-1
303347,Benzo(k)fluoranthene,207-08-9
300335,benzo[a]chrysene,213-46-7
302299,benzo[a]fluorene,238-84-6
273,benzo[a]pyrene,50-32-8
275,benzo[b]fluoranthene,205-99-2
302300,benzo[b]fluorene,243-17-4
300334,benzo[b]perylene,197-70-6
300505,benzo[c]fluorene,205-12-9
276,benzo[e]pyrene,192-97-2
277,benzo[ghi]perylene,191-24-2
278,benzo[j]fluoranthene,205-82-3
279,benzo[k]fluoranthene,207-08-9
301134,Benzophenone,119-61-9
303324,Benzothiazole,95-16-9
303253,benzotriazole,95-14-7
301454,Benzoximate metabolite,55440-55-6
301383,Benzoylprop ethyl,22212-55-1
282,Benzyl alcohol,100-51-6
301479,Benzyl benzoate,120-51-4
302998,Benzyl cinnamate,103-41-3
303004,benzyl salicylate,118-58-1
301407,b-Estradiol,50-28-2
286,beta-BHC,319-85-7
301529,Bifenazate metabolite (5-Phenyl-o-anisidine ),39811-17-1
301397,Bifenox,42576-02-3
300237,Bifenthrin,82657-04-3
301341,Binapacryl,485-31-4
301297,Bioallethrin,584-79-2
301295,Bioallethrin S-cyclopentenyl isomer,28434-00-6
303000,b-Ionone,79-77-6
301378,Bioresmethrin,28434-01-7
1264,Biphenyl,92-52-4
301521,"Bis(2,3,3,3-tetrachloropropyl) ether",127-90-2
301625,Bis(2-butoxyethyl) phthalate,117-83-9
302167,Bis(2-ethylhexyl) tetrabromophthalate,26040-51-7
293,Bis(2-ethylhexyl)phthalate,117-81-7
300226,Bisphenol A,80-05-7
303234,bisphenol AF,1478-61-1
303233,bisphenol B,77-40-7
303232,Bisphenol E,66239
303231,bisphenol Z,843-55-0
301410,Bitertanol I,55179-31-2
301757,Bitertanol II,999027-03-1
301666,Boscalid,188425-85-6
298,Bromacil,314-40-9
301570,Bromfenvinphos-(E),58580-14-6
301572,Bromfenvinphos-(Z),58580-13-5
301,Bromobenzene,108-86-1
301208,Bromobutide,74712-19-9
301186,Bromocyclen,1715-40-8
301267,Bromophos,2104-96-3
301305,Bromophos-ethyl,4824-78-6
301391,Bromopropylate,18181-80-1
306,Bromoxynil,1689-84-5
301364,Bromoxynil octanoic acid ester,1689-99-2
301619,Bromuconazole I,116255-48-2
301791,Bromuconazole II,999010-03-6
301480,Bufencarb,8065-36-9
301584,Bupirimate,41483-43-6
301334,Buprofezin,69327-76-0
309,Butachlor,23184-66-9
301662,Butafenacil,134605-64-4
301318,Butamiphos,36335-67-8
301196,"Butanoic acid, 4-(2,4-dichlorophenoxy)-, methyl ester",18625-12-2
301200,Butoxycarboxim,34681-23-7
301269,Butralin,33629-47-9
283,Butyl benzyl phthalate,85-68-7
312,Butylate,2008-41-5
1000006,Butylated hydroxyanisole,121-00-6
301114,Butylated hydroxyanisole,25013-16-5
303220,butylated hydroxytoluene,128-37-0
875,Butylbenzene,104-51-8
301465,Cadusafos,95465-99-9
301663,Cafenstrole,125306-83-4
301493,Caffeine,58-08-2
351,Captafol,191906
352,Captan,133-06-2
353,Carbaryl,63-25-2
354,Carbazole,86-74-8
301255,Carbetamide,16118-49-3
355,Carbofuran,1563-66-2
301184,Carbofuran-3-keto,16709-30-1
301440,Carbofuran-7-phenol,1563-38-8
361,Carbophenothion,786-19-6
301392,Carbosulfan,55285-14-8
362,Carboxin,5234-68-4
301607,Carfentrazone-ethyl,128639-02-1
301589,Carpropamid,104030-54-8
301433,Carvone,99-49-0
301449,Cashmeran,33704-61-9
301668,Cekafix,121227-99-4
301467,Celestolide,13171-00-1
301298,Chinomethionate,196899
301162,Chloramben methyl ester,7286-84-2
301216,Chloranocryl,96465
301296,Chlorbenside,103-17-3
301597,Chlorbenside sulfone,7082-99-7
301549,Chlorbicyclen,2550-75-6
301279,Chlorbromuron,13360-45-7
301155,Chlorbufam,1967-16-4
301482,Chlordene,3734-48-3
301137,Chlordimeform,6164-98-3
301457,Chlorethoxyfos,54593-83-8
301590,Chlorfenapyr,122453-73-0
301695,Chlorfenethol,80-06-8
301129,Chlorfenprop-methyl,14437-17-3
301313,Chlorfenson,80-33-1
371,Chlorfenvinphos,470-90-6
301551,"Chlorfenvinphos, cis-",18708-87-7
301555,"Chlorfenvinphos, trans-",18708-86-6
301302,Chlorflurecol-methyl ester,2536-31-4
301110,Chlormephos,24934-91-6
301359,Chlornitrofen_v1,1836-77-7
302776,Chlornitrofen_v2,1836-77-7
375,Chlorobenzene,108-90-7
377,Chlorobenzilate,510-15-6
382,Chloroneb,2675-77-6
385,Chloropropylate,1437871
386,Chlorothalonil,1897-45-6
301240,Chlorotoluron,15545-48-9
387,Chlorpropham,101-21-3
388,Chlorpyrifos,2921-88-2
301213,Chlorpyrifos Methyl,5598-13-0
301204,Chlorthiamid,1918-13-4
301258,Chlorthion,500-28-7
301355,Chlorthiophos,60238-56-4
301399,Chlorthiophos sulfone,999053-03-1
301388,Chlorthiophos sulfoxide,29185-21-5
301287,Chlozolinate,84332-86-5
390,chrysene,218-01-9
301711,Cinerin I,25402-06-6
301712,Cinerin II,121-20-0
301679,Cinidon-ethyl,142891-20-1
303006,cinnamal,104-55-2
303007,cinnamyl alcohol,104-54-1
395,cis-Nonachlor,5103-73-1
1000005,Citral,141-27-5
302994,Citral A,5392-40-5
303339,Citral B,5392-40-5
301608,Clodinafop-propargyl,105512-06-9
301158,Clomazone,81777-89-1
301627,Cloquintocet-mexyl,99607-70-2
300336,coronene,191-07-1
402,Coumaphos,56-72-4
302992,Coumarin,91-64-5
301117,Crimidine,535-89-7
404,Crotoxyphos,7700-17-6
301262,Crufomate,299-86-5
1999,Cumene,98-82-8
1991,Cyanazine,21725-46-2
301363,Cyanofenphos,13067-93-1
301167,Cyanophos,2636-26-2
301492,Cyclafuramid,34849-42-8
410,Cycloate,1134-23-2
300739,cyclopenta[cd]pyrene,27208-37-3
301484,Cyclopentadecanone,502-72-7
301165,Cycluron,2163-69-1
301591,Cyflufenamid,180409-60-3
303176,Cyfluthrin,68359-37-5
301418,Cyfluthrin I,68359-37-5
301769,Cyfluthrin II,999028-03-4
301770,Cyfluthrin III,999029-03-7
301771,Cyfluthrin IV,999030-03-4
301643,Cyhalofop-butyl,122008-85-9
301706,Cyhalothrin (Gamma),76703-62-3
301405,Cyhalothrin I (lambda),68085-85-8
301516,Cymiazole,61676-87-7
301692,Cymoxanil,57966-95-7
302496,Cypermethrin,52315-07-8
301419,Cypermethrin-1,52315-07-8
301772,Cypermethrin-2,52315-07-8
301773,Cypermethrin-3,52315-07-8
301774,Cypermethrin-4,52315-07-8
301699,Cyphenothrin cis-,39515-40-7
301796,Cyphenothrin trans-,999011-03-9
301207,Cyprazine,22936-86-3
301586,Cyproconazole,113096-99-4
301547,Cyprodinil,121552-61-2
301347,Cyprofuram,69581-33-5
301160,Cyromazine,66215-27-8
301756,d-(cis-trans)-Phenothrin-II,999034-03-6
415,Dacthal,1861-32-1
301150,Dazomet,533-74-4
1000004,D-Citronellol,1117-61-9
301562,"DDMU [1-Chloro-2,2-bis(4'-chlorophenyl)ethylene]",1022-22-6
876,Decane,124-18-5
300641,DEET,134-62-3
420,delta-BHC,319-86-8
300245,Deltamethrin,52918-63-5
301122,Demephion,8065-62-1
425,Demeton-s,126-75-0
301133,Demeton-S-methyl,919-86-8
301229,Demeton-S-methylsulphon,17040-19-6
301144,Desbromo-bromobutide,999055-03-7
301149,Desmedipham,13684-56-5
301203,Desmetryn,1014-69-3
301409,Dialifos,10311-84-9
431,Diallate,2303-16-4
301147,Diallate II,999035-03-9
301315,Diamyl phthalate,131-18-0
432,Diazinon,333-41-5
301481,Diazinon-oxon,962-58-3
300377,"dibenzo[a,e]fluoranthene",5385-75-1
436,"dibenzo[a,e]pyrene",192-65-4
434,"dibenzo[a,h]anthracene",53-70-3
300291,"dibenzo[a,h]pyrene",189-64-0
300406,"dibenzo[a,i]pyrene",189-55-9
300293,"dibenzo[a,l]pyrene",191-30-0
300330,"dibenzo[e,l]pyrene",192-51-8
437,Dibenzofuran,132-64-9
302751,Dibenzo-p-dioxin,262-12-4
300388,dibenzothiophene,132-65-0
443,Dicamba,1918-00-9
301118,Dicamba methyl ester,6597-78-0
301252,Dicapthon,2463-84-5
301205,Dichlofenthion,97-17-6
301241,Dichlofluanid,1085-98-9
444,Dichlone,117-80-6
445,Dichloran,99-30-9
301103,Dichlormid,37764-25-3
301384,Dichlorophen,97-23-4
447,Dichlorprop,120-36-5
301132,Dichlorprop methyl ester,57153-17-0
448,Dichlorvos,62-73-7
301330,Diclobutrazol,75736-33-3
301702,Diclocymet I,139920-32-4
301797,Diclocymet II,999059-03-9
301371,Diclofop methyl,51338-27-3
449,Dicrotophos,141-66-2
301398,Dicyclohexyl phthalate,84-61-7
301093,Dicyclopentadiene,77-73-6
450,Dieldrin,60-57-1
301320,Diethatyl ethyl,38727-55-8
301246,Diethofencarb,87130-20-9
301577,Diethyl 4-(methanesulfinyl)phenyl phosphate,6552-21-2
301152,Diethyl dithiobis(thionoformate),502-55-6
462,Diethyl phthalate,84-66-2
465,Diethylene glycol,111-46-6
463,Diethylstilbestrol,56-53-1
301426,Difenoconazol I,119446-68-3
301778,Difenoconazol II,999036-03-2
301534,Difenoxuron,14214-32-5
301374,Diflufenican,83164-33-4
301502,Diisobutyl phthalate,84-69-5
301094,Dimefox,115-26-4
301553,Dimepiperate,61432-55-1
301206,Dimethachlor,50563-36-5
301281,Dimethametryn,22936-75-0
301509,Dimethenamid,87674-68-8
301156,Dimethipin,55290-64-7
466,Dimethoate,60-51-5
301678,Dimethomorph-(E),110488-70-5
301792,Dimethomorph-(Z),999012-03-2
748,Dimethyl phthalate,131-11-3
301716,Dimethylvinphos(E),71363-52-5
301247,Dimethylvinphos(Z),67628-93-7
301222,Dimetilan,644-64-4
301623,Dimoxystrobin,149961-52-4
429,Di-n-butyl phthalate,84-74-2
301606,Di-n-hexyl phthalate,84-75-3
301346,Diniconazole,83657-24-3
301182,Dinitramine,29091-05-2
301673,Di-n-nonyl phthalate,84-76-4
301301,Dinobuton,973-21-7
751,Dinocap,39300-45-3
301752,Dinocap II,999037-03-5
301753,Dinocap III,999038-03-8
301755,Dinocap IV,999039-03-1
430,Di-n-octyl phthalate,117-84-0
752,Dinoseb,88-85-7
301227,Dinoseb acetate,2813-95-8
301199,Dinoseb methyl ether,6099-79-2
301175,Dinoterb,1420-07-1
301233,Dinoterb acetate,3204-27-1
301166,Di-n-propyl phthalate,131-16-8
301604,Diofenolan I,63837-33-2
301789,Diofenolan II,999013-03-5
301462,Dioxabenzofos,3811-49-2
753,Dioxacarb,6988-21-2
301416,Dioxathion,78-34-2
301689,Diphacinone,82-66-6
755,Diphenamid,957-51-7
301639,Diphenyl phthalate,84-62-8
754,Diphenylamine,122-39-4
301244,Dipropetryn,4147-51-7
301513,Dipropyl isocinchomeronate,136-45-8
759,Disulfoton,298-04-4
760,Disulfoton sulfone,218178
301312,Ditalimfos,5131-24-8
301234,Dithiopyr,97886-45-8
762,Diuron,330-54-1
301441,"Diuron Metabolite [3,4-Dichlorophenyl isocyanate]",102-36-3
412,d-Limonene,5989-27-5
878,Dodecane,112-40-3
301263,Dodemorph I,1593-77-7
301748,Dodemorph II,999040-03-8
301261,Drazoxolon,5707-69-7
303219,drometrizole,2440-22-4
301362,Edifenphos,17109-49-8
880,Eicosane,112-95-8
301688,Empenthrin I,54406-48-3
301794,Empenthrin II,999014-03-8
301795,Empenthrin III,999015-03-1
301779,Empenthrin IV,999016-03-4
301780,Empenthrin V,999017-03-7
301190,Endosulfan ether,3369-52-6
300249,Endosulfan I,959-98-8
767,Endosulfan II,33213-65-9
301270,Endosulfan lactone,3868-61-9
768,Endosulfan sulfate,1031-07-8
769,Endrin,72-20-8
770,Endrin aldehyde,7421-93-4
771,Endrin ketone,53494-70-5
773,EPN,2104-64-5
301379,Epoxiconazole,106325-08-0
774,EPTC,759-94-4
301338,Erbon,136-25-4
300631,Esfenvalerate,66230-04-4
301237,Esprocarb,85785-20-2
301349,Etaconazole,60207-93-4
301139,Ethalfluralin,55283-68-6
301546,Ethidimuron,30043-49-3
300228,Ethiofencarb,29973-13-5
301097,Ethiolate,2941-55-1
777,Ethion,563-12-2
301669,Ethofenprox,80844-07-1
301238,Ethofumesate,26225-79-6
301508,Ethofumesate-2-keto,26244-33-7
300243,Ethoprop,13194-48-4
1933,Ethoprophos,13194-48-4
301622,Ethoxyfen-ethyl,131086-42-5
301154,Ethoxyquin,91-53-2
788,Ethylbenzene,100-41-4
302981,Ethylene brassylate,105-95-3
301125,Ethylenethiourea,96-45-7
301628,Etoxazole,153233-91-1
302157,Etridiazole,2593-15-9
301185,Etrimfos,38260-54-7
301443,Eugenol,97-53-0
301676,Famoxadone,131807-57-3
798,Famphur,52-85-7
302993,Farnesol I,4602-84-0
303340,Farnesol II,4602-84-0
303341,Farnesol III,4602-84-0
303342,Farnesol IV,4602-84-0
301631,Fenamidone,161326-34-7
301319,Fenamiphos,22224-92-6
301621,Fenamiphos sulfone,31972-44-8
301618,Fenamiphos sulfoxide,31972-43-7
470,Fenarimol,60168-88-9
301356,Fenazaflor,14255-88-0
301476,Fenazaflor metabolite,4228-88-0
301632,Fenazaquin,120928-09-8
301417,Fenbuconazole,119611-00-6
301635,Fenchlorazole-ethyl,103112-35-2
688,Fenchlorphos,299-84-3
301499,Fenchlorphos-oxon,3983-45-7
301466,Fenclorim,3740-92-9
301178,Fenfuram,24691-80-3
301605,Fenhexamid,126833-17-8
301507,Fenitrooxone,2255-17-6
300253,Fenitrothion,122-14-5
301691,Fenobucarb,3766-81-2
301218,Fenoprop,93-72-1
301159,Fenoprop methyl ester,4841-20-7
301565,Fenothiocarb,62850-32-2
301592,Fenoxanil,115852-48-7
301656,Fenoxaprop-ethyl,66441-23-4
301393,Fenoxycarb,79127-80-3
301616,Fenpiclonil,74738-17-3
301396,Fenpropathrin,64257-84-7
301525,Fenpropidin,67306-00-7
301257,Fenson,80-38-6
471,Fensulfothion,115-90-2
301596,Fensulfothion sulfone,14255-72-2
301588,Fensulfothion-oxon -sulfone,6132-17-8
472,Fenthion,55-38-9
301594,Fenthion sulfone,3761-42-0
301345,Fenthion sulfoxide,3761-41-9
473,Fenuron,101-42-8
300636,Fenvalerate,51630-58-1
301776,Fenvalerate II,999041-03-1
301250,Fepropimorph,67564-91-4
301558,Fipronil,120068-37-3
301583,Fipronil Sulfone,120068-36-2
301522,"Fipronil, Desulfinyl-",205650-65-3
301552,Fipronil-sulfide,120067-83-6
301350,Flamprop-isopropyl,52756-22-6
301333,Flamprop-methyl,52756-25-9
301703,Fluacrypyrim,229977-93-9
301342,Fluazifop-p-butyl,79241-46-6
301556,Fluazinam,79622-59-6
301574,Fluazolate,174514-07-9
301329,Flubenzimine,37893-02-0
479,Fluchloralin,33245-39-5
301421,Flucythrinate I,70124-77-5
301775,Flucythrinate II,999042-03-4
301576,Fludioxonil,131341-86-1
301541,Flufenacet,142459-58-3
301314,Flumetralin,62924-70-3
301674,Flumiclorac-pentyl,87546-18-7
301704,Flumioxazin,103361-09-7
480,Fluometuron,2164-17-2
481,fluoranthene,206-44-0
482,fluorene,86-73-7
301321,Fluorodifen,15457-05-3
301651,Fluoroglycofen-ethyl,77501-90-7
301468,Fluoroimide,41205-21-4
301380,Fluotrimazole,31251-03-3
301665,Fluoxastrobin,361377-29-9
301660,Fluquinconazole,136426-54-5
301832,Flurenol-butyl,151251
301221,Flurenol-methyl,1216-44-0
484,Fluridone,59756-60-4
301264,Flurochloridone I,61213-25-0
301747,Flurochloridone II,999043-03-7
301517,"Flurochloridone, deschloro-",999003-03-1
301372,Fluroxypyr-1-methylheptyl ester,81406-37-3
301510,Flurprimidol,56425-91-3
301641,Flurtamone,96525-23-4
301335,Flusilazole,85509-19-9
301701,Fluthiacet-methyl,117337-19-6
301323,Flutolanil,66332-96-5
301311,Flutriafol,76674-21-0
301425,Fluvalinate-tau-I,102851-06-9
301777,Fluvalinate-tau-II,999044-03-0
301288,Folpet,133-07-3
301170,Fonofos,944-22-9
301195,Formothion,2540-82-1
301545,Fosthiazate I,98886-44-3
301782,Fosthiazate II,999018-03-0
301212,Fuberidazole,3878-19-1
301299,Furalaxyl,57646-30-7
301402,Furathiocarb,65907-30-4
301705,Furilazole,121776-33-8
301197,Furmecyclox,60568-05-0
302850,Galaxolide,1222-05-5
512,gamma-Chlordane,5103-74-2
303002,Geraniol,106-24-1
303307,guaiacol,90-05-1
301667,Halfenprox,111872-58-3
301567,Haloxyfop-methyl,69806-40-2
817,Heptachlor,76-44-8
818,Heptachlor epoxide,1024-57-3
301715,Heptachlor epoxide isomer A,28044-83-9
884,Heptadecane,629-78-7
885,Heptane,142-82-5
301128,Heptenophos,23560-59-0
301385,Hexabromobenzene,87-82-1
820,Hexachlorobenzene,118-74-1
822,Hexachlorocyclopentadiene,77-47-4
824,Hexachlorophene,70-30-4
301316,Hexaconazole,79983-71-4
888,Hexadecane,544-76-3
830,Hexazinone,51235-04-2
301366,Hexestrol,84-16-2
301506,Hydroprene,41096-46-2
303005,hydroxy-citronellal,107-75-5
301322,Imazalil,35554-44-0
301582,Imazamethabenz methyl ester,81405-85-8
301787,Imazamethabenz-methyl II,999019-03-3
301707,Imibenconazole,86598-92-7
301708,Imibenconazole-desbenzyl,199338-48-2
644,Imidan,732-11-6
850,"indeno[1,2,3-cd]pyrene",193-39-5
303252,indole,120-72-9
301232,Ioxynil,1689-83-4
301645,Ioxynil octanoate,3861-47-0
301685,Ipconazole,125225-28-7
301191,Iprobenfos,26087-47-8
300250,Iprodione,36734-19-7
301579,Iprovalicarb I,140923-25-7
301785,Iprovalicarb II,999020-03-0
301554,Irgarol,28159-98-0
301183,Isazophos,42509-80-8
301253,Isobenzan,297-78-9
301187,Isobornyl thiocyanoacetate,115-31-1
301164,Isocarbamide,30979-48-7
301540,Isocarbophos,24353-61-5
521,Isodrin,465-73-6
302997,isoeugenol,97-54-1
301289,Isofenphos,25311-71-1
301542,Isofenphos-oxon,31120-85-1
301251,Isomethiozin,57052-04-7
301121,Isoprocarb,2631-40-5
301273,Isopropalin,33820-53-0
301324,Isoprothiolane,50512-35-1
301220,Isoproturon,34123-59-6
301408,Isoxaben,82558-50-7
301599,Isoxadifen-ethyl,163520-33-0
301339,Isoxathion,18854-01-8
301710,Jasmolin I,4466-14-2
301713,Jasmolin II,1172-63-0
301317,Jodfenphos,18181-70-9
531,Kepone,143-50-0
301245,Kinoprene,42588-37-4
301587,Kresoxim-methyl,143390-89-0
301647,Lactofen,77501-63-4
301365,Lenacil,96433
538,Leptophos,21609-90-5
301387,Leptophos oxon,25006-32-0
303009,lilial,80-54-6
302989,Linalool,78-70-6
812,Lindane,58-89-9
540,Linuron,330-55-2
303010,lyral,31906-04-4
301219,Malaoxon,1634-78-2
550,Malathion,121-75-5
301127,MCPA methyl ester,2436-73-9
301557,MCPA-butoxyethyl ester,19480-43-4
301173,MCPB methyl ester,57153-18-1
167,m-Cresol,108-39-4
301294,Mecarbam,2595-54-2
301124,Mecoprop methyl ester,23844-56-6
301403,Mefenacet,73250-68-7
301615,Mefenpyr-diethyl,135590-91-9
301276,Mefluidide,53780-34-0
301389,Menazon,78-57-9
301569,Mepanipyrim,110235-47-7
301286,Mephosfolan,950-10-7
301357,Mepronil,55814-41-0
557,Merphos,150-50-5
301225,Metalaxyl,57837-19-1
301331,Metamitron,41394-05-2
301274,Metazachlor,67129-08-2
301630,Metconazole I,125116-23-6
301793,Metconazole II,999021-03-3
301459,Methabenzthiazuron [decomposition product],16954-69-1
301115,Methacrifos,62610-77-9
300251,Methamidophos,10265-92-6
301254,Methfuroxam,28730-17-8
301303,Methidathion,950-37-8
565,Methiocarb,2032-65-7
300229,Methiocarb Sulfone,2179-25-1
301348,Methiocarb sulfoxide,268728
566,Methomyl,16752-77-5
301275,Methoprene I,40596-69-8
301749,Methoprene II,999045-03-3
301336,Methoprotryne,841-06-5
567,Methoxychlor,72-43-5
301603,Methoxychlor olefin,2132-70-9
301491,Methyl (2-naphthoxy)acetate,1929-87-9
303011,METHYL 2-OCTYNOATE,111-12-6
301568,Methyl triclosan,1000766
301146,Methyl-1-naphthalene acetate,2876-78-0
301285,Methyldymron,42609-73-4
302991,Methyleugenol,93-15-2
574,Methylparaoxon,950-35-6
301193,Metobromuron,3060-89-7
857,Metolachlor,51218-45-2
301112,Metolcarb,1129-41-5
301575,Metominostrobin (E),133408-50-1
301784,Metominostrobin (Z),999022-03-6
301655,Metrafenone,220899-03-6
858,Metribuzin,21087-64-9
859,Mevinphos,7786-34-7
864,Mirex,2385-85-5
301163,MNAF,5903-13-9
866,Molinate,2212-67-1
301192,Monalide,7287-36-7
868,Monocrotophos,6923-22-4
301693,Monolinuron,1746-81-2
303285,m-toluidine,108-44-1
301490,Musk ambrette,83-66-9
301537,Musk Ketone,81-14-1
301512,Musk Moskene,116-66-5
301527,Musk Tibetene (Moschustibeten),145-39-1
301504,Musk xylene,81-15-2
300236,Myclobutanil,88671-89-0
303309,"n,n-diethyl-3-aminophenol",91-68-9
301475,"N,N-Dimethyl-N'-p-tolylsulphamide",66840-71-9
301201,N-1-Naphthylacetamide,575-36-0
594,Naled,300-76-5
595,naphthalene,91-20-3
301268,Naphthalic anhydride,81-84-5
300302,Naphthanthrone,3074-00-8
300329,"naphtho[1,2-b]fluoranthene",111189-32-3
300327,"naphtho[2,3-a]pyrene",196-42-9
300328,"naphtho[2,3-e]pyrene",193-09-9
300409,"naphtho[2,3-j]fluoranthene",205-83-4
300333,"naphtho[2,3-k]fluoranthene",207-18-1
301644,Naproanilide,52570-16-8
300230,Napropamide,15299-99-7
303322,N-Cyclohexyl-2-benzothiazolylsulfenamide,95-33-0
302662,Nickel dibutyldithiocarbamate,13927-77-0
603,Nicotine,54-11-5
301381,Nitralin,4726-14-1
301111,Nitrapyrin,1929-82-4
611,Nitrofen,1836-75-5
301260,Nitrothal-isopropyl,10552-74-6
903,Nonane,111-84-2
614,Norflurazon,27314-13-2
301687,"Norflurazon, Desmethyl-",23576-24-1
303218,n-phenyl-1-naphthylamine,90-30-2
303217,n-phenyl-2-naphthylamine,135-88-6
301369,Nuarimol,63284-71-9
302489,"o,p'-Dicofol",10606-46-9
301593,o-Aminoazotoluene,97-56-3
301271,Octachlorostyrene,29082-74-4
906,Octadecane,593-45-3
625,Octamethyl pyrophosphoramide,152-16-9
577,Octane,111-65-9
36,o-Dichlorobenzene,95-50-1
301600,Ofurace,58810-48-3
301130,Omethoate,1113-02-6
301116,o-Phenylphenol,90-43-7
301526,Orbencarb,34622-58-7
301411,Oryzalin,19044-88-3
620,o-Toluidine,95-53-4
301189,Oxabentrinil,74782-23-3
300640,Oxadiazon,19666-30-9
301351,Oxadixyl,77732-09-3
908,Oxamyl,23135-22-0
301375,Oxycarboxin,5259-88-1
911,Oxychlordane,27304-13-8
301224,Oxydemeton-methyl,301-12-2
301696,Oxyfluorfen,42874-03-3
621,o-Xylene,95-47-6
301498,"p,p'-DDM [bis(4-chlorophenyl)methane]",101-76-8
300604,"p,p'-Dicofol",115-32-2
301306,Paclobutrazol,76738-62-0
301226,Paraoxon,311-45-5
917,Parathion,56-38-2
919,Parathion-methyl,298-00-0
300711,PBB 1,55646
302560,PBB 10,59080-32-9
300219,PBB 15,92-86-4
302561,PBB 18,59080-34-1
302555,PBB 2,2113-57-7
302562,PBB 26,59080-35-2
302563,PBB 29,115245-07-3
302556,PBB 3,92-66-0
302564,PBB 30,59080-33-0
302565,PBB 31,59080-36-3
302557,PBB 4,13029-09-9
302576,PBB 49,60044-24-8
301598,PBB 52,59080-37-4
302567,PBB 53,60044-25-9
302558,PBB 7,53592-10-2
302568,PBB 77,77102-82-0
302569,PBB 80,16400-50-3
302559,PBB 9,57422-77-2
302571,PBB-101,67888-96-4
302572,PBB-103,59080-39-6
302570,PBB-114,96551-70-1
302573,PBB-137,81381-52-4
302574,PBB-141,120991-47-1
302575,PBB-153,59080-40-9
302577,PBB-155,59261-08-4
302578,PBB-156,77607-09-1
302579,PBB-159,120991-48-2
302580,PBB-169,60044-26-0
302581,PBB-180,67733-52-2
302582,PBB-189,88700-06-5
302584,PBB-200,119264-60-7
302677,PBDE  103,446254-67-7
302678,PBDE  108,446254-71-3
302679,PBDE  115,446254-78-0
302680,PBDE  127,N/A-302680
302681,PBDE  128,N/A-302681
302682,PBDE  142,N/A-302682
302683,PBDE  144,N/A-302683
302684,PBDE  160,N/A-302684
302685,PBDE  185,N/A-302685
302666,PBDE  19,147217-73-0
302686,PBDE  201,N/A-302686
302667,PBDE  21,337513-67-4
302668,PBDE  26,337513-75-4
302669,PBDE  27,337513-53-8
302670,PBDE  31,65075-08-3
302663,PBDE  4,51452-87-0
302671,PBDE  50,446254-23-5
302672,PBDE  51,189084-57-9
302664,PBDE  6,147217-72-9
302673,PBDE  62,446254-33-7
302674,PBDE  69,327185-09-1
302675,PBDE  88,446254-55-3
302676,PBDE  89,N/A-302676
302665,PBDE  9,337513-66-3
302071,PBDE 10,51930-04-2
300732,PBDE 100,189084-64-8
302072,PBDE 11,6903-63-5
302084,PBDE 116,189084-65-9
302085,PBDE 118,446254-80-4
302086,PBDE 119,189084-66-0
302073,PBDE 12,189084-59-1
302074,PBDE 13,83694-71-7
302088,PBDE 138,182677-30-1
302075,PBDE 15,2050-47-7
300716,PBDE 153,68631-49-2
300733,PBDE 154,207122-15-4
300734,PBDE 155,35854-94-5
302089,PBDE 166,189084-58-0
300727,PBDE 17,147217-75-2
302067,PBDE 2,6876-00-2
302076,PBDE 25,147217-77-4
300713,PBDE 28,41318-75-6
302068,PBDE 3,101-55-3
302077,PBDE 30,155999-95-4
302078,PBDE 32,189084-60-4
302079,PBDE 33,147217-78-5
302080,PBDE 35,147217-80-9
302081,PBDE 37,147217-81-0
300728,PBDE 47,5436-43-1
300714,PBDE 49,243982-82-3
300729,PBDE 66,189084-61-5
302069,PBDE 7,171977-44-9
302082,PBDE 71,189084-62-6
300730,PBDE 75,189084-63-7
302083,PBDE 77,93703-48-1
302070,PBDE 8,147217-71-8
300731,PBDE 85,182346-21-0
300715,PBDE 99,60348-60-9
300763,PCB 1,2051-60-7
300897,PCB 10,33146-45-1
300284,PCB 101,37680-73-2
301019,PCB 102,68194-06-9
300266,PCB 103,60145-21-3
301020,PCB 104,56558-16-8
300274,PCB 105,32598-14-4
301021,PCB 106,70424-69-0
300736,PCB 107,70424-68-9
301022,PCB 108,70362-41-3
301023,PCB 109,74472-35-8
300898,PCB 11,2050-67-1
300701,PCB 110,38380-03-9
301024,PCB 111,39635-32-0
301025,PCB 112,74472-36-9
301026,PCB 113,68194-10-5
300289,PCB 114,74472-37-0
301027,PCB 115,74472-38-1
301028,PCB 116,18259-05-7
301029,PCB 117,68194-11-6
300273,PCB 118,31508-00-6
301030,PCB 119,56558-17-9
300899,PCB 12,2974-92-7
301031,PCB 120,68194-12-7
301032,PCB 121,56558-18-0
301033,PCB 122,76842-07-4
301034,PCB 123,65510-44-3
301035,PCB 124,70424-70-3
301036,PCB 125,74472-39-2
300272,PCB 126,57465-28-8
301037,PCB 127,39635-33-1
300271,PCB 128,38380-07-3
301038,PCB 129,55215-18-4
300900,PCB 13,2974-90-5
300722,PCB 130,52663-66-8
301039,PCB 131,61798-70-7
300737,PCB 132,38380-05-1
301040,PCB 133,35694-04-3
301041,PCB 134,52704-70-8
301042,PCB 135,52744-13-5
301043,PCB 136,38411-22-2
301044,PCB 137,35694-06-5
300270,PCB 138,35065-28-2
301045,PCB 139,56030-56-9
300901,PCB 14,34883-41-5
301046,PCB 140,59291-64-4
301047,PCB 141,52712-04-6
301048,PCB 142,41411-61-4
301049,PCB 143,68194-15-0
301050,PCB 144,68194-14-9
301051,PCB 145,74472-40-5
300703,PCB 146,51908-16-8
301052,PCB 147,68194-13-8
301053,PCB 148,74472-41-6
300704,PCB 149,38380-04-0
300629,PCB 15,2050-68-2
301054,PCB 150,68194-08-1
300705,PCB 151,52663-63-5
301055,PCB 152,68194-09-2
300283,PCB 153,35065-27-1
301056,PCB 154,60145-22-4
301057,PCB 155,33979-03-2
300282,PCB 156,38380-08-4
300723,PCB 157,69782-90-7
300269,PCB 158,74472-42-7
301058,PCB 159,39635-35-3
300903,PCB 16,38444-78-9
301059,PCB 160,41411-62-5
301060,PCB 161,74472-43-8
301061,PCB 162,39635-34-2
300745,PCB 163,74472-44-9
301062,PCB 164,74472-45-0
301063,PCB 165,74472-46-1
300279,PCB 166,41411-63-6
300724,PCB 167,52663-72-6
301064,PCB 168,59291-65-5
300288,PCB 169,32774-16-6
300904,PCB 17,37680-66-3
300268,PCB 170,35065-30-6
301065,PCB 171,52663-71-5
301066,PCB 172,52663-74-8
301067,PCB 173,68194-16-1
301068,PCB 174,38411-25-5
301069,PCB 175,40186-70-7
301070,PCB 176,52663-65-7
300707,PCB 177,52663-70-4
300725,PCB 178,52663-67-9
300440,PCB 179,52663-64-6
300698,PCB 18,37680-65-2
300281,PCB 180,35065-29-3
301071,PCB 181,74472-47-2
301072,PCB 182,60145-23-5
300267,PCB 183,52663-69-1
301073,PCB 184,74472-48-3
301074,PCB 185,52712-05-7
301075,PCB 186,74472-49-4
300441,PCB 187,52663-68-0
301076,PCB 188,74487-85-7
300442,PCB 189,39635-31-9
300905,PCB 19,38444-73-4
301077,PCB 190,41411-64-7
301078,PCB 191,74472-50-7
301079,PCB 192,74472-51-8
301080,PCB 193,69782-91-8
300708,PCB 194,35694-08-7
301081,PCB 195,52663-78-2
301082,PCB 196,42740-50-1
301083,PCB 197,33091-17-7
301084,PCB 198,68194-17-2
301085,PCB 199,52663-75-9
300764,PCB 2,2051-61-8
300906,PCB 20,38444-84-7
301086,PCB 200,52663-73-7
84,PCB 201,40186-71-8
300726,PCB 202,2136-99-4
301087,PCB 203,52663-76-0
301088,PCB 204,74472-52-9
301089,PCB 205,74472-53-0
301090,PCB 206,40186-72-9
301091,PCB 207,52663-79-3
301092,PCB 208,52663-77-1
300907,PCB 21,55702-46-0
300908,PCB 22,38444-85-8
300909,PCB 23,55720-44-0
300910,PCB 24,55702-45-9
300911,PCB 25,55712-37-3
300912,PCB 26,38444-81-4
300913,PCB 27,38444-76-7
300432,PCB 28,7012-37-5
300914,PCB 29,15862-07-4
300765,PCB 3,2051-62-9
300915,PCB 30,35693-92-6
300718,PCB 31,16606-02-3
300916,PCB 32,38444-77-8
300917,PCB 33,38444-86-9
300918,PCB 34,37680-68-5
300919,PCB 35,37680-69-6
300920,PCB 36,38444-87-0
300278,PCB 37,38444-90-5
300921,PCB 38,53555-66-1
300922,PCB 39,38444-88-1
300766,PCB 4,13029-08-8
300923,PCB 40,38444-93-8
300924,PCB 41,52663-59-9
300925,PCB 42,36559-22-5
300926,PCB 43,70362-46-8
300433,PCB 44,41464-39-5
300719,PCB 45,70362-45-7
300927,PCB 46,41464-47-5
300928,PCB 47,2437-79-8
300929,PCB 48,70362-47-9
300280,PCB 49,41464-40-8
1974,PCB 5,16605-91-7
300930,PCB 50,62796-65-0
300931,PCB 51,68194-04-7
300285,PCB 52,35693-99-3
300932,PCB 53,41464-41-9
300933,PCB 54,15968-05-5
300934,PCB 55,74338-24-2
300720,PCB 56,41464-43-1
300935,PCB 57,70424-67-8
300936,PCB 58,41464-49-7
300937,PCB 59,74472-33-6
300773,PCB 6,25569-80-6
300435,PCB 60,33025-41-1
300938,PCB 61,33284-53-6
300939,PCB 62,54230-22-7
300743,PCB 63,74472-34-7
300940,PCB 64,52663-58-8
300941,PCB 65,33284-54-7
300699,PCB 66,32598-10-0
300942,PCB 67,73575-53-8
300943,PCB 68,73575-52-7
300944,PCB 69,60233-24-1
300286,PCB 7,33284-50-3
300436,PCB 70,32598-11-1
300993,PCB 71,41464-46-4
300994,PCB 72,41464-42-0
300995,PCB 73,74338-23-1
300437,PCB 74,32690-93-0
300996,PCB 75,32598-12-2
300997,PCB 76,70362-48-0
300277,PCB 77,32598-13-3
300998,PCB 78,70362-49-1
300999,PCB 79,41464-48-6
300379,PCB 8,34883-43-7
301000,PCB 80,33284-52-5
301001,PCB 81,70362-50-4
300276,PCB 82,52663-62-4
301002,PCB 83,60145-20-2
301003,PCB 84,52663-60-2
301004,PCB 85,65510-45-4
301005,PCB 86,55312-69-1
300438,PCB 87,38380-02-8
301006,PCB 88,55215-17-3
301007,PCB 89,73575-57-2
300894,PCB 9,34883-39-1
301008,PCB 90,68194-07-0
301009,PCB 91,68194-05-8
300721,PCB 92,52663-61-3
301010,PCB 93,73575-56-1
301011,PCB 94,73575-55-0
300700,PCB 95,38379-99-6
301017,PCB 96,73575-54-9
301018,PCB 97,41464-51-1
85,PCB 98,60233-25-2
300275,PCB 99,38380-01-7
914,p-Cymene,99-87-6
54,p-Dichlorobenzene,106-46-7
949,Pebulate,1114-71-2
301280,Penconazole,66246-88-6
300240,Pendimethalin,40487-42-1
302610,Pentabromoethylbenzene,85-22-3
302613,Pentabromotoluene,87-83-2
301194,Pentachloroaniline,527-20-8
301151,Pentachloroanisole,1825-21-4
950,Pentachlorobenzene,608-93-5
952,Pentachloronitrobenzene,82-68-8
953,Pentachlorophenol,87-86-5
301488,Pentadecan-15-olide,106-02-5
580,Pentadecane,629-62-9
301236,Pentanochlor,2307-68-8
956,Permethrin,52645-53-1
301758,Permethrin II,999046-03-6
300605,Perthane,72-56-0
957,Perylene,77392-71-3
301478,Phantolide,15323-35-0
635,phenanthrene,85-01-8
300304,"Phenanthrene-1,4-dione",569-15-3
301395,Phenkapton,2275-14-1
638,Phenol,108-95-2
301548,Phenothiazine,92-84-2
301401,Phenothrin,26002-80-2
301636,Phenothrin I,51186-88-0
301638,Phenothrin II,26046-85-5
301104,Phenoxyacetic acid,122-59-8
301293,Phenthoate,254642
642,Phorate,298-02-2
301455,Phorate oxon,2600-69-3
301535,Phorate sulfone,251474
301532,Phorate sulfoxide,251506
643,Phosalone,2310-17-0
301282,Phosfolan,947-02-4
645,Phosphamidon,13171-21-6
303348,Phosphamidon II,13171-21-6
301259,Phthalide,27355-22-2
301447,Phthalimide,85-41-6
301231,Picloram methyl ester,14143-55-6
301626,Picolinafen,137641-05-5
301573,Picoxystrobin,117428-22-5
301177,Pindone,83-26-1
301368,Piperalin,3478-94-2
301376,Piperonyl butoxide,51-03-6
301394,Piperophos,24151-93-7
301198,Pirimicarb,23103-98-2
301272,Pirimiphos-ethyl,23505-41-1
300252,Pirimiphos-methyl,29232-93-7
301214,Plifenat,21757-82-4
301640,Potasan,299-45-6
301563,"Prallethrin, cis-",23031-36-9
301783,"Prallethrin, trans-",999023-03-9
301328,Pretilachlor,51218-49-6
301239,Probenazole,27605-76-1
301414,Prochloraz,67747-09-5
301300,Procymidone,32809-16-8
301531,Prodiamine,29091-21-2
301325,Profenofos,41198-08-7
301435,Profenofos metabolite (4-Bromo-2-chlorophenol),3964-56-5
301174,Profluralin,26399-36-0
301709,Prohydrojasmon I,158474-72-7
301798,Prohydrojasmon II,999060-03-6
664,Promecarb,2631-37-0
665,Prometon,1610-18-0
666,Prometryn,7287-19-6
668,Propachlor,1918-16-7
301105,Propamocarb,24579-73-5
300247,Propanil,709-98-8
301564,Propaphos,7292-16-2
301373,Propargite,2312-35-8
301520,"Propargite metabolite [Cyclohexanol, 2-(4-tert-butylphenoxy)]",999004-03-4
670,Propazine,139-40-2
303270,propenyl guaethol,94-86-0
301171,Propetamphos,31218-83-4
671,Propham,122-42-9
301751,Propiconazole-II,999048-03-2
301519,Propisochlor,86763-47-5
264,Propoxur,114-26-1
584,Propylbenzene,103-65-1
667,Propyzamide,23950-58-5
301523,Prosulfocarb,52888-80-9
301578,Prothioconazole-desthio,999007-03-3
676,Prothiofos,34643-46-4
301209,Prothoate,2275-18-5
303286,p-toluidine,106-49-0
1259,p-Xylene,106-42-3
301266,Pyracarbolid,24691-76-7
301654,Pyraclofos,89784-60-1
301610,Pyraflufen-ethyl,129630-19-9
301367,Pyrazon,1698-60-8
301406,Pyrazophos,13457-18-6
301690,Pyrazoxyfen,71561-11-0
678,pyrene,129-00-0
301601,Pyrethrin I,121-21-1
301714,Pyrethrin II,121-29-9
301382,Pyributicarb,88678-67-5
301412,Pyridaben,96489-71-3
301386,Pyridaphenthion,119-12-0
301424,Pyridate,55512-33-9
301290,Pyridinitril,1086-02-8
301284,Pyrifenox I,88283-41-4
301750,Pyrifenox II,999049-03-5
301649,Pyriftalid,135186-78-6
301176,Pyrimethanil,53112-28-0
301672,Pyrimidifen,105779-78-0
301611,Pyriminobac-methyl (E),136191-64-5
301788,Pyriminobac-methyl (Z),999024-03-2
301642,Pyriproxyfen,95737-68-1
301168,Pyroquilon,57369-32-1
301291,Quinalphos,13593-03-8
301235,Quinoclamine,2797-51-5
680,Quinoline,91-22-5
301602,Quinoxyfen,124495-18-7
301528,Quintozene metabolite (pentachlorophenyl methyl sulfide),1825-19-0
301420,Quizalofop-ethyl,76578-14-8
301539,Rabenzazole,40341-04-6
301377,Resmethrin,10453-86-8
301790,Resmethrine II,999025-03-5
300391,retene,483-65-8
301681,Rotenone,83-79-4
301327,"S,S,S-Tributylphosphorotrithioate",78-48-8
301188,Sebuthylazine,7286-69-3
301474,Sebuthylazine-desethyl,37019-18-4
964,Secbumeton,26259-45-0
963,sec-Butylbenzene,135-98-8
301671,Silafluofen,105024-66-6
301500,Silthiopham,175217-20-6
974,Simazine,122-34-9
301515,Simeconazole,149508-90-7
975,Simetryn,1014-70-6
301658,Spirodiclofen,148477-71-8
301617,Spiromesifen,283594-90-1
301511,Spiroxamine I,118134-30-8
301781,Spiroxamine II,999026-03-8
301682,Spiroxamine metabolite (4-tert-butylcyclohexanone),98-53-3
988,Styrene,100-42-5
301620,Sudan I,842-07-9
301659,Sudan II,3118-97-6
301700,Sudan Red,1229-55-6
998,Sulfallate,95-06-7
301458,"Sulfamide, N,N-dimethyl-N'-phenyl-",4710-17-2
301536,Sulfanilamide,63-74-1
301629,Sulfentrazone,122836-35-5
992,Sulfotep,3689-24-5
301265,Sulfur (S8),10544-50-0
996,Sulprofos,35400-43-2
997,Swep,1918-18-9
301415,Tamoxifen,10540-29-1
301477,TCEP,115-96-8
301310,TCMTB,21564-17-0
302170,TCPP,26248-87-3
300235,Tebuconazole,107534-96-3
301633,Tebufenpyrad,119168-77-3
301494,Tebupirimifos,96182-53-5
301143,Tebutam,35256-85-0
1001,Tebuthiuron,34014-18-1
301131,Tecnazene,117-18-0
301487,Tefluthrin,79538-32-2
301427,Temephos,3383-96-8
1005,Terbacil,5902-51-2
301215,Terbucarb,6881
1006,Terbufos,13071-79-9
301533,Terbufos-oxon-sulfone,999005-03-7
301550,Terbufos-sulfone,56070-16-7
301161,Terbumeton,33693-04-8
1007,Terbuthylazine,5915-41-3
301464,Terbuthylazine-desethyl,30125-63-4
1008,Terbutryn,886-50-0
793,Terrazole,2593-15-9
1012,tert-Butylbenzene,98-06-6
302623,Tetrabromo-o-chlorotoluene,39569-21-6
302849,Tetrabromophthalate diol,20566-35-2
301308,Tetrachlorovinphos,961-11-5
301544,Tetraconazole,112281-77-3
587,Tetradecane,629-59-4
301400,Tetradifon,116-29-0
1017,Tetraethyl pyrophosphate,107-49-3
301448,"Tetrahydrophthalimide, cis-1,2,3,6-",27813-21-4
301390,Tetramethrin I,7696-12-0
301754,Tetramethrin II,999050-03-2
301249,Tetrapropyl thiodiphosphate,3244-90-4
301354,Tetrasul,2227-13-6
301370,Thenylchlor,96491-05-3
301501,Theobromine,83-67-0
301277,Thiabendazole,148-79-8
301538,Thiazopyr,117718-60-2
301585,Thifluzamide,130000-40-7
301140,Thiofanox,39196-18-4
301148,Thiometon,640-15-3
698,Thionazin,297-97-2
301437,Thymol,89-83-8
300638,Tilt,60207-90-1
301256,Tiocarbazil I,36756-79-3
301746,Tiocarbazil II,999051-03-5
301217,Tolclofos-methyl,57018-04-9
301677,Tolfenpyrad,129558-76-5
705,Toluene,108-88-3
301283,Tolylfluanid,731-27-1
301684,"Tolyltriazole [1H-Benzotriazole, 4-methyl-]",29878-31-7
301453,"Tolyltriazole [1H-Benzotriazole, 5-methyl-]",136-85-6
301505,Tonalide,1506-02-1
1000002,Tonalide,21145-77-7
301581,Toxaphene Parlar 26,142534-71-2
301612,Toxaphene Parlar 50,66860-80-8
301637,Toxaphene Parlar 62,154159-06-5
1037,TPP,115-86-6
303182,Tralomethrin,66841-25-6
301518,Transfluthrin,118712-89-3
1019,trans-Nonachlor,39765-80-5
1020,trans-Permethrin,61949-77-7
301496,Traseolide,68140-48-7
1992,Triadimefon,43121-43-3
301292,Triadimenol,55219-65-3
1026,Triallate,2303-17-5
301352,Triamiphos,1031-47-6
301530,Triapenthenol,76608-88-3
301571,Triazamate,112143-82-5
301358,Triazophos,24017-47-8
302616,Tribromoneopentyl alcohol,1522-92-5
300639,Tributyl phosphate,126-73-8
301566,Trichlamide,70193-21-4
301113,Trichlorfon,52-68-6
1000000,Trichloroethylene,79-01-6
1030,Trichloronate,327-98-0
302653,Trichlorosyringol,2539-26-6
301145,Triclopyr methyl ester,60825-26-5
301561,Triclosan,3380-34-5
301657,"Tricresylphosphate, meta-",563-04-2
301653,"Tricresylphosphate, ortho-",78-30-8
1032,Tricyclazole,41814-78-2
301497,"Tridemorph , 4-tridecyl-",24602-86-6
301223,Tridiphane,58138-08-2
301169,Trietazine,1912-26-1
301429,Triethyl phosphate,78-40-0
301646,Trifenmorph,1420-06-0
301609,Trifloxystrobin,141517-21-7
301304,Triflumizole,68694-11-1
1034,Trifluralin,1582-09-8
300318,triphenylene,217-59-4
1023,Tri-p-tolyl phosphate,78-32-0
301971,"Tris(1,3-dichloro-2-propyl) phosphate",13674-87-8
301613,Tris(2-butoxyethyl) phosphate,78-51-3
1000001,Tris(2-chloroisopropyl)phosphate,13674-84-5
301624,Tris(2-ethylhexyl) phosphate,78-42-2
303320,Tris(methylphenyl) phosphate,1330-78-5
301686,Triticonazole,131983-72-7
301337,Tryclopyrbutoxyethyl,64470-88-8
301230,Tycor (SMY 1500),64529-56-2
593,Undecane,1120-21-4
301326,Uniconazole-P,83657-17-4
301307,Vamidothion,2275-23-2
1051,Vernolate,1929-77-7
300246,Vinclozolin,50471-44-8
301157,Xanthone,90-47-1
301452,XMC,2655-14-3
301800,Xylylcarb,192034
302661,Zinc diethyldithiocarbamate,14324-55-1
301614,Zoxamide,156052-68-5
301559,Zoxamide decomposition product,999006-03-0
